,Player,Nation,Pos,Squad,90s,Touches,Touches in Def Pen,Touches in Def 3rd,Touches in Mid 3rd,Touches in Att 3rd,Touches in Att Pen,Take-Ons Att,Take-Ons Succ,Tkld,Prg Carries,Carries into Final 3rd,CPA,Prg Passes Recived,Passes Cmp,Passes Att,passes Cmp%,Assists,xAG,xA,KP,Final 3rd,PPA,CrsPA,PrgP,Shot Creating Actions,SCA90,Goal Creating Actions,GCA90,Goals,Shots,SoT,xG,npxG
0,Brenden Aaronson,us USA,MFFW,Leeds United,25.6,1108,11,112,477,541,67,100,34,48,43,33,13,147,575,771,74.6,3,4.2,2.6,46,45,16,4,84,94,04.07,7,0.27,1,40,9,3.7,3.7
1,Che Adams,sct SCO,FW,Southampton,22.1,717,29,66,286,377,103,33,16,13,17,11,9,115,330,498,66.3,3,2.8,2.2,24,21,11,2,34,56,02.53,7,0.32,5,47,14,6.6,6.6
2,Tyler Adams,us USA,MF,Leeds United,24.0,1628,44,376,1010,254,5,22,7,12,19,21,0,20,1108,1343,82.5,0,1.4,1.0,24,110,13,0,136,43,02.19,1,0.04,0,4,0,0.1,0.1
3,Tosin Adarabioyo,eng ENG,DF,Fulham,20.2,1324,206,667,626,40,17,6,4,2,16,11,1,3,903,1112,81.2,0,0.4,0.4,6,77,6,0,83,17,01.24,0,0.0,1,12,4,0.6,0.6
4,Nayef Aguerd,ma MAR,DF,West Ham,15.7,814,142,478,309,34,22,6,4,0,2,1,0,4,504,648,77.8,0,0.4,0.3,5,33,4,0,24,12,01.16,0,0.0,2,11,2,2.2,2.2
5,Naouirou Ahamada,fr FRA,MFFW,Crystal Palace,1.0,63,0,12,35,16,4,2,1,1,1,2,1,11,37,46,80.4,0,0.1,0.0,1,3,0,0,2,2,02.34,0,0.0,0,3,0,0.2,0.2
6,Rayan Aït Nouri,dz ALG,DF,Wolves,11.5,709,39,224,263,232,28,45,24,18,30,13,10,76,446,552,80.8,0,1.0,0.8,7,28,14,5,43,23,02.01,0,0.0,1,10,5,0.7,0.7
7,Kristoffer Ajer,no NOR,DF,Brentford,8.5,412,45,184,167,64,9,7,1,4,10,5,0,12,259,345,75.1,0,0.0,0.1,1,20,3,1,31,4,00.47,0,0.0,0,1,0,0.0,0.0
8,Manuel Akanji,ch SUI,DF,Manchester City,23.8,2070,112,770,1153,155,32,10,6,2,23,39,1,12,1771,1904,93.0,1,0.4,1.0,7,126,3,1,103,23,01.37,0,0.0,0,15,2,1.3,1.3
9,Nathan Aké,nl NED,DF,Manchester City,20.1,1894,81,596,1062,245,32,5,3,1,25,15,4,30,1589,1756,90.5,0,0.6,1.3,8,156,9,1,139,22,01.09,2,0.1,1,9,2,1.6,1.6
10,Marc Albrighton,eng ENG,FWMF,Leicester City,2.6,173,6,33,61,79,5,2,2,0,4,4,0,18,89,148,60.1,0,0.9,0.4,6,6,5,2,7,7,03.06,0,0.0,1,2,1,0.3,0.3
11,Thiago Alcántara,es ESP,MF,Liverpool,13.9,1251,45,272,796,188,8,30,21,4,13,21,0,24,946,1097,86.2,0,1.1,1.3,17,110,20,1,120,41,03.34,2,0.14,0,10,1,0.4,0.4
12,Carlos Alcaraz,ar ARG,MFFW,Southampton,8.9,337,11,55,183,105,21,20,10,7,13,16,1,28,173,227,76.2,1,0.5,0.5,3,15,5,0,22,18,02.03,3,0.34,4,21,9,1.6,1.6
13,Trent Alexander-Arnold,eng ENG,DF,Liverpool,29.5,2870,87,677,1464,748,37,36,23,11,37,30,6,126,1972,2620,75.3,8,10.0,8.1,64,211,71,23,213,109,04.10,15,0.51,1,35,6,2.0,2.0
14,Alisson,br BRA,GK,Liverpool,35.0,1465,1076,1429,37,0,0,2,2,0,0,0,0,0,1182,1390,85.0,1,0.3,0.0,1,14,0,0,3,3,00.09,2,0.06,0,0,0,0.0,0.0
15,Dele Alli,eng ENG,MF,Everton,0.4,20,0,1,8,11,2,1,0,1,0,0,0,1,12,15,80.0,0,0.0,0.0,0,2,0,0,1,0,00.00,0,0.0,0,0,0,0.0,0.0
16,Miguel Almirón,py PAR,FW,Newcastle Utd,23.9,1120,21,128,364,648,110,64,25,28,65,36,21,222,703,853,82.4,1,1.8,2.3,21,41,26,3,109,72,03.01,11,0.46,11,54,17,6.3,6.3
17,Julián Álvarez,ar ARG,FWMF,Manchester City,12.9,523,7,32,215,281,70,27,17,7,32,12,13,81,311,400,77.8,0,1.5,1.1,14,21,11,2,34,43,03.34,4,0.31,8,37,18,6.2,5.5
18,Daniel Amartey,gh GHA,DF,Leicester City,17.9,1279,185,658,578,46,9,5,2,2,23,11,0,5,1015,1114,91.1,0,0.5,0.4,5,58,1,0,66,15,01.24,1,0.06,0,6,2,1.1,1.1
19,Joachim Andersen,dk DEN,DF,Crystal Palace,27.9,2012,339,1131,812,79,37,9,5,4,8,5,2,7,1333,1702,78.3,0,1.1,0.7,10,117,7,1,86,18,01.04,1,0.04,1,22,9,1.8,1.8
20,Elliot Anderson,sct SCO,MFFW,Newcastle Utd,2.5,182,2,26,63,100,32,22,7,10,17,8,9,21,86,118,72.9,0,0.8,1.0,6,9,3,0,14,14,06.00,0,0.0,0,8,3,0.9,0.9
21,Jaidon Anthony,eng ENG,MFFW,Bournemouth,12.7,648,17,124,243,287,32,44,14,29,29,24,13,67,346,470,73.6,1,1.0,1.1,12,23,18,7,46,37,03.32,4,0.32,3,22,13,2.2,2.2
22,Michail Antonio,jm JAM,FW,West Ham,19.6,573,14,37,249,299,78,64,25,29,45,25,17,114,175,332,52.7,3,1.3,0.8,15,12,8,2,27,38,02.33,9,0.46,5,37,12,6.4,6.4
23,Antony,br BRA,FW,Manchester Utd,17.8,937,10,120,312,527,71,69,25,37,79,53,26,145,568,714,79.6,1,2.2,2.0,24,27,29,2,67,65,04.06,5,0.28,4,62,23,5.6,5.6
24,Cameron Archer,eng ENG,FWMF,Aston Villa,0.5,15,0,1,8,7,3,1,1,0,3,1,1,3,8,12,66.7,0,0.0,0.0,0,2,0,0,0,0,00.00,0,0.0,0,0,0,0.0,0.0
25,Alphonse Areola,fr FRA,GK,West Ham,3.4,98,91,98,0,0,0,0,0,0,0,0,0,0,67,92,72.8,0,0.0,0.0,0,0,0,0,0,0,00.00,0,0.0,0,0,0,0.0,0.0
26,Joe Aribo,ng NGA,MFFW,Southampton,12.8,538,13,83,251,216,46,39,17,21,19,10,7,62,268,369,72.6,0,0.8,0.5,9,20,9,0,39,26,02.03,1,0.08,2,14,8,1.5,1.5
27,Adam Armstrong,eng ENG,FWMF,Southampton,14.4,448,11,69,172,217,45,41,13,23,38,27,10,68,217,296,73.3,1,1.3,0.8,11,12,10,2,16,23,01.59,1,0.07,1,24,11,1.9,1.9
28,Stuart Armstrong,sct SCO,MFFW,Southampton,14.3,817,17,121,380,328,36,49,20,20,57,44,9,84,501,638,78.5,1,2.2,2.8,16,42,31,6,73,48,03.35,2,0.14,2,23,6,2.4,2.4
29,Kepa Arrizabalaga,es ESP,GK,Chelsea,25.5,996,784,981,15,0,0,1,1,0,0,0,0,0,770,930,82.8,0,0.0,0.0,0,6,0,0,0,1,00.04,0,0.0,0,0,0,0.0,0.0
30,Pierre-Emerick Aubameyang,ga GAB,FW,Chelsea,6.2,161,7,16,69,79,23,5,3,2,9,6,4,29,82,111,73.9,0,0.4,0.2,4,2,2,1,3,8,01.30,0,0.0,1,16,7,1.5,1.5
31,Ludwig Augustinsson,se SWE,DF,Aston Villa,0.9,51,3,19,15,17,2,1,0,1,0,2,0,3,26,43,60.5,0,0.0,0.0,0,0,0,0,0,0,00.00,0,0.0,0,2,1,0.1,0.1
32,Serge Aurier,ci CIV,DF,Nott'ham Forest,18.6,1131,93,432,468,244,12,24,11,8,34,23,1,46,619,871,71.1,0,1.0,0.8,10,36,12,6,63,24,01.29,1,0.05,1,8,3,0.7,0.7
33,Taiwo Awoniyi,ng NGA,FW,Nott'ham Forest,12.9,362,20,54,147,168,47,19,6,10,14,12,7,46,128,186,68.8,1,1.1,0.3,9,5,2,0,11,23,02.19,3,0.23,6,31,11,5.9,5.9
34,Yasin Ayari,se SWE,MF,Brighton,0.2,14,0,2,7,5,1,0,0,0,0,0,0,2,10,11,90.9,0,0.1,0.3,2,3,1,0,2,4,16.36,0,0.0,0,1,0,0.0,0.0
35,André Ayew,gh GHA,FWMF,Nott'ham Forest,3.5,104,11,15,48,41,8,6,1,4,3,3,2,16,51,71,71.8,0,0.0,0.0,1,3,1,0,11,3,01.26,0,0.0,0,3,1,1.0,0.3
36,Jordan Ayew,gh GHA,FWMF,Crystal Palace,27.2,1204,43,174,567,496,86,132,55,53,74,42,27,163,604,792,76.3,2,2.7,2.2,29,32,14,6,57,72,03.05,6,0.22,4,27,10,2.9,2.9
37,Luke Ayling,eng ENG,DF,Leeds United,19.8,1241,68,427,496,338,49,31,12,16,22,19,3,79,693,994,69.7,1,2.0,2.2,12,52,16,9,66,35,02.17,1,0.05,1,20,4,2.1,2.1
38,César Azpilicueta,es ESP,DF,Chelsea,14.0,1054,73,366,437,258,22,11,6,4,18,16,0,68,730,904,80.8,0,1.0,1.1,10,35,16,4,62,19,01.36,1,0.07,0,8,1,0.4,0.4
39,Benoît Badiashile,fr FRA,DF,Chelsea,9.1,835,87,425,395,22,10,3,1,2,10,2,0,1,679,762,89.1,0,0.5,0.2,3,42,5,0,48,12,01.33,0,0.0,1,6,2,1.2,1.2
40,Leon Bailey,jm JAM,FWMF,Aston Villa,19.8,750,15,80,257,426,78,99,34,52,79,30,34,171,318,510,62.4,3,3.7,4.0,26,18,20,15,26,54,03.13,5,0.25,4,47,13,4.9,4.9
41,Stefan Bajcetic,es ESP,MF,Liverpool,5.8,324,6,66,189,74,5,16,7,4,10,7,0,1,200,258,77.5,0,0.4,0.5,4,17,7,1,24,13,02.22,1,0.17,1,6,3,0.8,0.8
42,Patrick Bamford,eng ENG,FW,Leeds United,15.5,510,17,31,245,240,73,31,10,18,15,14,11,89,213,307,69.4,2,0.9,0.6,11,18,9,0,22,24,01.55,5,0.32,4,45,16,7.6,6.8
43,Shandon Baptiste,gd GRN,MF,Brentford,6.4,359,11,81,191,94,7,13,6,3,8,12,3,22,238,284,83.8,1,1.0,0.5,9,22,8,2,39,16,02.51,3,0.47,0,4,1,0.4,0.4
44,Harvey Barnes,eng ENG,FWMF,Leicester City,28.1,1067,11,110,408,567,124,83,24,49,93,70,43,248,507,734,69.1,1,2.9,1.9,17,35,28,4,73,57,02.03,12,0.43,12,68,31,8.4,8.4
45,Gavin Bazunu,ie IRL,GK,Southampton,32.0,1253,910,1234,19,0,0,0,0,0,0,0,0,0,718,1178,61.0,0,0.1,0.1,1,42,1,0,1,7,00.22,0,0.0,0,0,0,0.0,0.0
46,Mads Bech Sørensen,dk DEN,DFMF,Brentford,0.2,14,1,4,8,2,0,0,0,0,0,0,0,0,7,11,63.6,0,0.0,0.0,0,2,0,0,1,1,04.29,0,0.0,0,0,0,0.0,0.0
47,Jan Bednarek,pl POL,DF,Southampton,15.6,965,148,515,421,32,13,2,1,1,7,1,0,2,646,778,83.0,0,0.1,0.2,3,31,1,0,45,7,00.45,0,0.0,0,7,0,0.4,0.4
48,Jan Bednarek,pl POL,DF,Aston Villa,1.1,79,9,39,40,1,0,0,0,0,1,0,0,0,60,66,90.9,0,0.0,0.0,0,4,0,0,5,0,00.00,0,0.0,0,0,0,0.0,0.0
49,Donny van de Beek,nl NED,MF,Manchester Utd,1.9,72,1,3,23,46,11,3,2,1,2,3,0,20,46,61,75.4,0,0.1,0.1,3,0,4,0,6,6,03.23,0,0.0,0,2,0,0.1,0.1
50,Asmir Begovi?,ba BIH,GK,Everton,1.0,33,31,33,0,0,0,0,0,0,0,0,0,0,21,30,70.0,0,0.0,0.0,0,0,0,0,0,0,00.00,0,0.0,0,0,0,0.0,0.0
51,Armel Bella Kotchap,de GER,DF,Southampton,20.9,1211,209,654,519,46,22,11,4,3,9,12,2,2,749,937,79.9,2,1.0,0.5,6,32,4,0,39,14,01.07,2,0.1,0,14,2,1.0,1.0
52,Saïd Benrahma,dz ALG,FWMF,West Ham,22.0,1032,15,127,370,555,84,117,46,55,98,51,35,225,560,745,75.2,3,4.4,3.2,46,30,21,11,79,90,04.10,5,0.23,6,66,22,6.8,3.7
53,Rodrigo Bentancur,uy URU,MF,Tottenham,16.7,1071,52,295,612,175,19,34,21,11,26,14,1,19,738,880,83.9,2,0.8,0.7,11,54,9,4,76,34,02.04,5,0.3,5,15,9,2.2,2.2
54,Victor Bernth Kristiansen,dk DEN,DF,Leicester City,9.9,607,33,234,255,123,4,15,7,5,17,8,0,24,327,496,65.9,1,0.8,0.6,7,29,4,3,31,14,01.41,3,0.3,0,3,0,0.1,0.1
55,Owen Bevan,wls WAL,DF,Bournemouth,0.1,3,0,3,0,0,0,0,0,0,0,0,0,0,2,3,66.7,0,0.0,0.0,0,0,0,0,0,0,00.00,0,0.0,0,0,0,0.0,0.0
56,Giulian Biancone,fr FRA,DF,Nott'ham Forest,0.2,25,2,19,5,1,0,0,0,0,2,1,0,1,15,21,71.4,0,0.0,0.0,0,0,0,0,0,1,05.29,0,0.0,0,0,0,0.0,0.0
57,Philip Billing,dk DEN,MFFW,Bournemouth,29.1,1317,74,308,615,412,68,44,24,14,37,30,6,95,746,974,76.6,1,3.1,2.5,24,46,8,3,76,52,02.19,6,0.21,7,38,18,4.9,4.9
58,Yves Bissouma,ml MLI,MF,Tottenham,9.0,639,17,127,411,102,1,7,5,2,10,8,0,7,514,571,90.0,0,0.5,0.3,8,40,4,1,45,25,03.16,1,0.11,0,5,0,0.2,0.2
59,Willy Boly,ci CIV,DF,Nott'ham Forest,6.7,329,62,223,94,14,8,2,1,0,1,1,0,0,183,243,75.3,1,0.2,0.3,1,8,0,0,11,5,01.15,1,0.15,0,1,0,0.0,0.0
60,Sven Botman,nl NED,DF,Newcastle Utd,30.7,1846,306,1075,694,86,51,1,1,0,8,4,2,5,1345,1567,85.8,0,1.0,1.1,8,53,3,1,76,20,01.05,1,0.03,0,21,7,2.4,2.4
61,Jarrod Bowen,eng ENG,FWMF,West Ham,34.6,1250,31,177,430,654,148,113,35,51,95,41,54,202,519,834,62.2,4,6.4,5.2,43,38,23,8,69,101,03.32,13,0.38,5,69,18,8.4,7.3
62,James Bree,eng ENG,DF,Southampton,2.2,140,7,29,44,67,2,2,1,1,3,3,0,11,85,122,69.7,0,0.2,0.2,4,4,5,4,3,6,03.09,0,0.0,0,0,0,0.0,0.0
63,Armando Broja,al ALB,FW,Chelsea,3.3,110,2,7,41,63,16,15,8,5,8,1,5,17,33,53,62.3,0,0.1,0.1,1,1,1,0,4,4,01.22,2,1.01,1,6,5,0.8,0.8
64,David Brooks,wls WAL,FWDF,Bournemouth,0.4,11,2,5,4,2,1,0,0,0,0,0,0,1,4,6,66.7,0,0.0,0.0,0,1,0,0,0,0,00.00,0,0.0,0,1,0,0.0,0.0
65,Lewis Brunt,eng ENG,DF,Leicester City,0.3,23,1,8,12,3,0,0,0,0,0,0,0,2,17,21,81.0,0,0.0,0.0,0,0,0,0,0,0,00.00,0,0.0,0,0,0,0.0,0.0
66,Bryan,es ESP,MFFW,Tottenham,1.6,80,1,13,30,37,2,5,2,3,4,3,0,15,47,60,78.3,1,0.2,0.1,2,3,2,0,5,5,03.04,3,2.22,0,2,1,0.1,0.1
67,Emi Buendía,ar ARG,MFFW,Aston Villa,25.5,1278,36,194,610,487,88,56,26,24,57,43,19,128,759,984,77.1,2,5.3,3.9,39,82,37,0,133,86,03.37,10,0.39,5,46,10,6.1,6.1
68,Hugo Bueno,es ESP,DF,Wolves,13.7,790,49,298,261,238,13,32,13,13,50,28,4,60,519,643,80.7,1,1.1,0.9,15,24,10,6,38,28,02.04,1,0.07,0,4,1,0.2,0.2
69,Facundo Buonanotte,ar ARG,FWMF,Brighton,3.2,145,3,12,61,75,13,8,1,5,6,4,1,20,89,113,78.8,1,0.5,0.2,5,4,3,1,5,9,03.23,1,0.31,1,6,1,1.0,1.0
70,Dan Burn,eng ENG,DF,Newcastle Utd,31.4,1859,150,732,818,319,55,24,10,12,24,18,5,40,1196,1524,78.5,0,1.2,1.2,14,83,9,1,102,32,01.02,2,0.06,0,15,3,1.4,1.4
71,Cafú,pt POR,MF,Nott'ham Forest,0.1,3,1,2,1,0,0,0,0,0,0,0,0,0,2,2,100.0,0,0.0,0.0,0,1,0,0,1,0,00.00,0,0.0,0,0,0,0.0,0.0
72,Moisés Caicedo,ec ECU,MF,Brighton,30.4,2286,77,470,1345,498,25,45,23,19,30,28,6,51,1762,1983,88.9,1,2.5,2.4,39,161,32,5,194,82,03.10,4,0.13,1,25,7,1.6,1.6
73,Tom Cairney,sct SCO,MF,Fulham,8.5,723,7,107,351,276,23,17,8,7,29,23,6,44,527,619,85.1,0,1.2,1.3,10,61,15,5,74,36,04.26,2,0.24,2,15,2,1.0,1.0
74,Duje ?aleta-Car,hr CRO,DF,Southampton,10.5,695,136,416,268,15,9,2,2,0,5,1,0,0,480,568,84.5,0,0.0,0.2,1,26,0,0,33,6,00.57,0,0.0,1,5,2,0.8,0.8
75,Dominic Calvert-Lewin,eng ENG,FW,Everton,12.0,346,18,34,135,183,54,27,15,10,13,8,9,50,121,205,59.0,1,0.8,0.8,9,10,4,0,14,23,02.32,4,0.33,2,27,9,5.4,4.6
76,Chem Campbell,wls WAL,FWMF,Wolves,0.8,47,1,6,19,23,5,4,2,2,2,6,1,10,23,32,71.9,0,0.0,0.0,0,2,0,0,4,2,02.43,0,0.0,0,2,0,0.1,0.1
77,João Cancelo,pt POR,DF,Manchester City,14.2,1363,20,225,686,461,47,60,30,23,72,39,21,125,1036,1220,84.9,1,0.9,1.5,12,80,36,9,106,39,03.16,6,0.42,2,17,3,0.8,0.8
78,Thomas Cannon,ie IRL,FW,Everton,0.3,8,0,0,2,6,4,1,0,0,1,0,0,2,4,5,80.0,0,0.5,0.0,1,0,0,0,0,0,00.00,0,0.0,0,1,1,0.1,0.1
79,Sergi Canós,es ESP,FWDF,Brentford,0.9,57,1,13,25,20,2,6,4,2,4,2,0,7,23,43,53.5,0,0.0,0.0,1,2,1,0,2,3,03.51,0,0.0,0,1,0,0.1,0.1
80,Diego Carlos,br BRA,DF,Aston Villa,2.3,156,11,54,94,11,4,0,0,0,1,3,0,0,112,142,78.9,0,0.0,0.1,1,9,1,0,11,3,01.32,0,0.0,0,4,0,0.4,0.4
81,Fabio Carvalho,pt POR,MFFW,Liverpool,3.8,187,2,31,70,89,26,5,2,2,7,8,2,26,114,139,82.0,0,0.1,0.2,1,7,2,0,11,9,02.38,2,0.53,2,11,4,1.1,1.1
82,Casemiro,br BRA,MF,Manchester Utd,19.9,1483,92,450,806,240,20,16,6,7,12,15,0,31,935,1213,77.1,3,2.5,3.4,22,108,20,4,121,54,03.12,6,0.3,2,24,6,2.6,2.6
83,Matty Cash,pl POL,DF,Aston Villa,18.2,1131,69,382,507,252,11,30,15,7,41,32,4,56,733,939,78.1,1,0.7,0.9,8,55,15,9,74,28,01.54,3,0.16,0,7,1,0.2,0.2
84,Timothy Castagne,be BEL,DF,Leicester City,33.2,2099,140,765,856,488,51,27,11,13,39,23,5,147,1393,1736,80.2,3,2.6,2.2,22,84,20,10,103,51,01.54,5,0.15,2,18,4,2.1,2.1
85,Jonny Castro,es ESP,DF,Wolves,14.0,1004,53,343,444,227,13,32,14,15,24,18,4,46,701,832,84.3,0,1.0,0.8,5,60,10,2,70,24,02.11,1,0.07,1,9,2,0.3,0.3
86,Julio César Enciso,py PAR,FWMF,Brighton,5.9,262,2,11,101,155,30,39,23,12,26,17,11,46,129,177,72.9,2,1.2,0.9,10,13,8,0,21,34,06.17,7,1.19,2,28,14,2.7,2.7
87,Nathaniel Chalobah,eng ENG,MF,Fulham,0.1,11,4,5,3,3,1,0,0,0,0,1,0,0,4,5,80.0,0,0.0,0.0,0,1,0,0,0,0,00.00,0,0.0,0,1,1,0.1,0.1
88,Trevoh Chalobah,eng ENG,DF,Chelsea,14.4,1084,103,486,476,124,16,6,4,1,13,11,0,17,831,941,88.3,0,0.2,0.3,2,54,3,1,59,9,01.03,2,0.14,0,6,1,0.6,0.6
89,Calum Chambers,eng ENG,DFMF,Aston Villa,3.9,245,30,119,96,32,2,0,0,0,6,4,0,2,157,207,75.8,0,0.3,0.2,2,9,2,1,16,6,01.53,0,0.0,0,2,0,0.1,0.1
90,Ben Chilwell,eng ENG,DFMF,Chelsea,15.6,1133,23,284,426,426,36,23,8,12,43,36,8,131,762,977,78.0,2,2.2,2.4,21,42,10,7,41,39,02.49,4,0.26,2,16,4,1.4,1.4
91,Ryan Christie,sct SCO,MFFW,Bournemouth,18.3,836,34,163,376,312,54,76,32,37,36,30,13,63,459,578,79.4,1,2.2,1.9,26,41,17,2,62,61,03.34,4,0.22,1,30,8,2.3,2.3
92,Carney Chukwuemeka,eng ENG,MFFW,Chelsea,2.6,162,5,31,62,71,12,9,4,5,13,3,1,16,98,117,83.8,0,0.1,0.1,3,6,4,2,12,7,03.12,0,0.0,0,4,1,0.3,0.3
93,Bobby Clark,eng ENG,MF,Liverpool,0.1,7,0,0,0,7,1,1,0,1,0,0,0,2,1,1,100.0,0,0.0,0.1,0,0,1,0,1,0,00.00,0,0.0,0,0,0,0.0,0.0
94,Nathaniel Clyne,eng ENG,DF,Crystal Palace,18.2,971,44,313,475,186,3,12,5,5,14,10,1,29,654,832,78.6,0,0.7,0.6,7,51,6,5,52,18,01.39,0,0.0,0,0,0,0.0,0.0
95,Conor Coady,eng ENG,DF,Everton,21.9,1299,224,753,525,29,10,3,0,2,4,4,0,1,972,1149,84.6,1,0.3,0.5,4,71,3,1,40,17,01.18,1,0.05,1,4,2,0.8,0.8
96,Jack Colback,eng ENG,MF,Nott'ham Forest,5.5,189,16,65,100,27,1,4,3,0,5,5,0,3,119,143,83.2,0,0.2,0.2,2,12,3,1,16,3,00.54,0,0.0,0,0,0,0.0,0.0
97,Séamus Coleman,ie IRL,DF,Everton,18.4,990,81,334,416,246,21,36,16,15,13,10,3,37,597,789,75.7,0,0.9,0.9,4,35,18,7,61,21,01.14,2,0.11,1,7,2,0.4,0.4
98,Nathan Collins,ie IRL,DF,Wolves,18.2,1219,183,723,460,43,12,8,7,0,11,9,2,5,917,1036,88.5,0,0.1,0.2,2,65,2,0,60,11,01.01,0,0.0,0,2,0,0.1,0.1
99,Levi Colwill,eng ENG,DF,Brighton,9.6,900,92,400,460,42,8,0,0,0,16,9,0,3,741,835,88.7,0,0.2,0.2,3,58,3,0,55,9,01.34,1,0.1,0,7,0,1.4,1.4
100,Lewis Cook,eng ENG,MF,Bournemouth,18.0,865,63,267,436,173,9,18,7,9,9,15,1,9,547,695,78.7,2,2.5,2.3,24,53,12,9,58,37,02.06,4,0.22,0,5,0,0.2,0.2
101,Steve Cook,eng ENG,DF,Nott'ham Forest,10.6,559,100,321,220,19,10,1,1,0,1,3,0,0,369,459,80.4,0,0.6,0.6,3,18,2,1,19,6,00.56,0,0.0,0,3,0,0.1,0.1
102,Liam Cooper,sct SCO,DF,Leeds United,14.8,902,102,471,404,33,20,4,1,1,2,3,1,2,572,729,78.5,0,0.7,0.3,5,45,1,1,40,16,01.08,3,0.2,1,10,2,1.0,1.0
103,Maxwel Cornet,ci CIV,FW,West Ham,1.9,87,0,9,28,50,9,4,2,2,9,1,5,25,44,61,72.1,0,0.1,0.1,1,2,1,1,4,6,03.27,0,0.0,0,7,2,1.1,1.1
104,Diego Costa,es ESP,FW,Wolves,12.7,298,17,32,119,150,56,9,4,5,18,8,11,56,137,194,70.6,0,0.7,0.7,11,9,4,0,13,22,02.13,1,0.08,1,27,13,3.2,3.2
105,Vladimír Coufal,cz CZE,DF,West Ham,21.7,1292,92,396,521,381,16,16,3,6,49,29,1,90,643,1050,61.2,1,2.2,1.6,22,64,17,12,79,45,02.07,3,0.14,0,6,0,0.3,0.3
106,Philippe Coutinho,br BRA,MFFW,Aston Villa,8.8,500,2,34,259,213,24,34,14,15,18,28,5,68,288,384,75.0,0,0.5,0.8,8,30,8,2,48,24,03.14,0,0.0,1,21,8,1.4,1.4
107,Conor Coventry,ie IRL,MFFW,West Ham,0.0,0,0,0,0,0,0,0,0,0,0,0,0,0,0,0,,0,0.0,0.0,0,0,0,0,0,0,00.00,0,0.0,0,0,0,0.0,0.0
108,Aaron Cresswell,eng ENG,DF,West Ham,24.1,1551,94,488,639,430,13,7,2,4,35,25,1,80,1081,1394,77.5,1,3.7,2.8,40,86,28,15,142,72,03.39,1,0.04,0,9,1,0.3,0.3
109,Marc Cucurella,es ESP,DF,Chelsea,18.6,1490,63,470,672,358,12,14,5,6,30,20,2,65,1090,1293,84.3,2,0.6,0.9,11,77,12,6,73,27,01.46,3,0.16,0,7,0,0.4,0.4
110,Matheus Cunha,br BRA,FW,Wolves,10.0,346,10,54,161,141,43,35,23,8,14,6,6,40,160,217,73.7,0,0.5,0.2,6,5,2,0,13,20,02.00,0,0.0,2,26,7,2.0,2.0
111,Patson Daka,zm ZAM,FW,Leicester City,12.5,411,13,40,166,208,55,17,7,7,18,8,10,76,179,269,66.5,4,2.8,1.7,17,7,8,1,17,28,02.23,7,0.56,4,30,16,3.5,3.5
112,Diogo Dalot,pt POR,DF,Manchester Utd,22.9,1621,121,567,690,375,36,35,21,7,45,31,12,79,1105,1397,79.1,2,1.9,1.5,29,80,28,13,92,50,02.18,2,0.09,1,21,6,2.4,2.4
113,Mikkel Damsgaard,dk DEN,MFFW,Brentford,8.9,427,8,81,220,134,18,20,8,8,7,8,1,37,223,330,67.6,0,1.0,1.0,10,31,8,1,33,21,02.37,1,0.11,0,8,5,1.5,1.5
114,Danilo,br BRA,MF,Nott'ham Forest,9.1,343,25,109,162,80,17,18,13,4,11,8,5,19,144,217,66.4,2,0.6,0.6,7,22,7,0,33,20,02.21,5,0.55,3,13,4,1.4,1.4
115,Arnaut Danjuma,nl NED,FWMF,Tottenham,1.0,40,1,2,18,20,5,4,3,1,4,2,2,13,15,28,53.6,0,0.0,0.0,1,0,2,2,0,2,02.31,0,0.0,1,4,3,0.6,0.6
116,Josh Dasilva,eng ENG,MF,Brentford,15.0,745,16,139,333,286,31,55,31,15,55,41,8,66,473,593,79.8,2,1.5,1.5,12,33,23,5,60,41,03.13,7,0.47,4,17,6,1.5,1.5
117,Ben Davies,wls WAL,DF,Tottenham,22.5,1339,83,458,679,205,28,14,5,6,35,31,4,65,944,1159,81.4,2,2.3,1.3,18,72,6,3,101,32,01.42,6,0.27,2,14,5,1.0,1.0
118,Tom Davies,eng ENG,MF,Everton,6.0,309,13,74,183,54,15,6,3,3,2,1,0,13,173,234,73.9,0,0.2,0.3,2,25,2,0,30,6,01.00,0,0.0,0,9,2,1.2,1.2
119,Craig Dawson,eng ENG,DF,West Ham,8.0,380,53,211,142,28,14,1,0,1,0,5,0,1,245,310,79.0,0,0.1,0.1,1,25,0,0,18,12,01.50,1,0.12,0,6,1,0.5,0.5
120,Craig Dawson,eng ENG,DF,Wolves,13.7,942,151,525,391,29,14,3,3,0,4,3,0,1,677,805,84.1,0,0.0,0.1,1,46,1,0,38,6,00.44,0,0.0,1,10,2,0.9,0.9
121,Kevin De Bruyne,be BEL,MF,Manchester City,26.1,1816,13,97,721,1020,99,58,32,18,100,78,16,245,1157,1586,73.0,16,13.7,13.9,95,124,93,19,241,174,07.07,31,1.19,7,65,21,5.6,5.6
122,Siriki Dembélé,ci CIV,FWMF,Bournemouth,1.2,71,1,10,30,33,3,10,6,3,5,2,1,11,37,47,78.7,0,0.3,0.2,4,2,3,2,4,5,04.09,0,0.0,0,2,2,0.2,0.2
123,Leander Dendoncker,be BEL,MF,Aston Villa,7.7,357,18,98,215,46,7,5,3,2,1,5,0,2,247,281,87.9,0,0.5,0.1,5,16,0,0,17,8,01.04,0,0.0,0,2,0,0.1,0.1
124,Leander Dendoncker,be BEL,MF,Wolves,2.4,128,6,33,75,21,5,2,1,1,1,0,0,3,86,99,86.9,0,0.0,0.0,2,4,1,1,6,4,02.08,0,0.0,0,3,2,0.7,0.7
125,Emmanuel Dennis,ng NGA,FWMF,Nott'ham Forest,7.8,324,5,53,115,170,40,52,18,25,23,14,8,61,120,177,67.8,2,0.6,0.4,7,7,4,2,16,25,03.21,3,0.38,2,20,6,1.8,1.8
126,Halil Dervi?o?lu,tr TUR,MF,Brentford,0.1,1,0,0,0,1,0,0,0,0,0,0,1,0,0,0,,0,0.0,0.0,0,0,0,0,0,1,11.25,1,11.25,0,1,0,0.0,0.0
127,Kiernan Dewsbury-Hall,eng ENG,MF,Leicester City,24.8,1439,46,273,769,421,48,69,39,24,64,32,15,88,838,1114,75.2,2,3.1,2.5,38,110,22,4,129,72,03.30,9,0.36,2,25,6,2.3,2.3
128,Ibrahima Diallo,fr FRA,MF,Southampton,9.1,499,18,128,308,74,4,13,8,5,9,4,0,6,317,402,78.9,0,0.1,0.1,4,24,2,0,28,10,01.10,0,0.0,0,6,0,0.2,0.2
129,Rúben Dias,pt POR,DF,Manchester City,21.2,2133,167,841,1218,81,22,10,8,1,14,21,1,2,1836,1983,92.6,0,0.6,0.3,3,130,0,0,95,14,01.06,1,0.05,0,10,2,1.3,1.3
130,Luis Díaz,co COL,FW,Liverpool,9.1,485,3,32,209,253,59,52,26,18,27,23,14,93,299,366,81.7,2,1.3,1.1,10,21,8,1,39,31,03.41,5,0.55,4,21,8,2.2,2.2
131,Eric Dier,eng ENG,DF,Tottenham,31.3,2274,370,1333,866,84,25,6,3,2,9,9,1,14,1708,2001,85.4,1,1.2,0.6,7,76,8,3,87,29,01.33,2,0.06,2,17,4,1.6,1.6
132,Lucas Digne,fr FRA,DF,Aston Villa,15.1,1019,58,346,365,314,21,16,1,11,25,12,1,84,655,864,75.8,0,1.8,1.7,17,35,22,14,52,27,02.19,0,0.0,1,7,3,0.3,0.3
133,Issa Diop,fr FRA,DF,Fulham,19.4,1391,163,696,681,26,8,4,2,1,11,5,0,3,1047,1218,86.0,0,0.0,0.2,1,65,3,0,63,8,00.41,0,0.0,1,3,2,0.3,0.3
134,Moussa Djenepo,ml MLI,DFFW,Southampton,7.7,343,15,101,149,98,15,41,19,16,26,10,5,36,169,232,72.8,2,0.5,0.4,8,13,5,3,18,16,02.08,4,0.52,0,3,2,0.2,0.2
135,Ben Doak,sct SCO,FW,Liverpool,0.3,22,0,4,10,10,2,4,0,4,1,3,2,4,10,14,71.4,0,0.0,0.0,0,0,0,0,1,0,00.00,0,0.0,0,0,0,0.0,0.0
136,Matt Doherty,ie IRL,DFMF,Tottenham,7.4,500,27,144,184,172,24,12,5,4,16,5,2,57,329,408,80.6,0,0.3,0.3,6,14,5,3,20,18,02.43,3,0.41,1,10,2,0.8,0.8
137,Gabriel Dos Santos,br BRA,DF,Arsenal,34.9,2554,286,1069,1303,193,51,3,2,0,17,38,3,15,1984,2218,89.4,0,0.2,0.6,4,156,3,0,145,23,01.06,2,0.06,3,30,9,4.8,4.8
138,Abdoulaye Doucouré,ml MLI,MF,Everton,14.0,615,16,139,291,196,39,28,18,8,19,14,6,54,376,474,79.3,2,2.0,0.9,19,26,10,0,35,40,03.26,3,0.21,4,17,6,2.2,2.2
139,Cheick Doucouré,ml MLI,MF,Crystal Palace,28.1,1437,90,423,808,220,12,20,14,6,15,24,0,13,932,1128,82.6,3,1.9,1.1,25,99,10,1,128,57,02.03,6,0.21,0,32,7,1.2,1.2
140,Flynn Downes,eng ENG,MF,West Ham,6.5,280,13,58,167,55,5,1,0,0,2,4,1,11,180,216,83.3,0,0.0,0.1,1,12,1,0,15,10,01.53,0,0.0,0,4,1,0.4,0.4
141,Cody Drameh,eng ENG,DF,Leeds United,0.8,44,1,7,26,11,0,1,1,0,0,1,0,3,30,38,78.9,0,0.0,0.0,0,2,0,0,2,1,01.30,0,0.0,0,0,0,0.0,0.0
142,Martin Dúbravka,sk SVK,GK,Newcastle Utd,0.7,24,21,24,0,0,0,0,0,0,0,0,0,0,19,22,86.4,0,0.0,0.0,0,1,0,0,0,0,00.00,0,0.0,0,0,0,0.0,0.0
143,Shane Duffy,ie IRL,DFFW,Fulham,0.2,22,3,13,9,1,1,1,1,0,0,0,0,0,16,20,80.0,0,0.0,0.0,0,0,0,0,0,0,00.00,0,0.0,0,1,0,0.2,0.2
144,Lewis Dunk,eng ENG,DF,Brighton,33.0,3169,381,1534,1553,93,34,3,2,0,20,21,0,5,2658,2944,90.3,0,1.0,0.9,9,168,9,1,150,29,01.28,2,0.06,1,22,3,1.7,1.7
145,Jhon Durán,co COL,FWMF,Aston Villa,1.2,47,2,2,23,23,6,2,1,1,2,4,1,11,14,24,58.3,0,0.0,0.0,1,1,1,0,4,5,04.13,0,0.0,0,7,2,0.6,0.6
146,Malcolm Ebiowei,eng ENG,MFFW,Crystal Palace,0.4,21,0,1,8,12,2,5,2,3,2,1,0,9,5,10,50.0,0,0.0,0.0,0,0,0,0,2,1,03.05,0,0.0,0,0,0,0.0,0.0
147,Ederson,br BRA,GK,Manchester City,33.0,1217,974,1210,9,0,0,0,0,0,0,0,0,0,1009,1174,85.9,1,0.2,0.2,1,13,0,0,0,2,00.06,1,0.03,0,0,0,0.0,0.0
148,Odsonne Édouard,fr FRA,FW,Crystal Palace,18.0,618,25,67,301,255,84,41,14,25,25,18,18,90,270,376,71.8,2,1.1,0.7,15,9,9,0,32,41,02.28,4,0.22,4,36,13,3.8,3.8
149,Samuel Edozie,eng ENG,FWMF,Southampton,6.3,278,4,48,86,148,32,37,12,16,26,21,13,39,111,164,67.7,0,0.4,0.4,8,6,6,1,13,20,03.18,0,0.0,0,8,3,0.9,0.9
150,Anthony Elanga,se SWE,FW,Manchester Utd,4.7,197,4,26,71,100,28,15,5,7,12,3,7,28,95,130,73.1,1,0.9,1.0,6,3,3,0,8,17,03.59,1,0.21,0,10,4,0.7,0.7
151,Harvey Elliott,eng ENG,MFFW,Liverpool,17.4,1143,14,146,550,457,46,42,19,15,48,40,8,124,776,968,80.2,2,3.3,4.3,23,65,38,6,127,66,04.20,8,0.46,1,30,10,1.9,1.9
152,Mohamed Elneny,eg EGY,MF,Arsenal,1.3,63,2,11,42,11,0,0,0,0,1,0,0,1,57,60,95.0,0,0.0,0.0,0,3,2,0,2,0,00.00,0,0.0,0,0,0,0.0,0.0
153,Mohamed Elyounoussi,no NOR,MFFW,Southampton,22.4,892,56,187,380,337,50,41,23,16,48,37,11,92,401,597,67.2,1,2.1,1.6,18,29,18,6,47,40,02.18,4,0.18,0,32,8,2.7,2.7
154,Emerson,br BRA,DF,Tottenham,16.5,1108,79,401,398,317,42,28,15,7,42,27,6,95,714,890,80.2,1,0.6,1.0,9,46,16,3,71,33,02.01,2,0.12,2,15,6,1.6,1.6
155,Christian Eriksen,dk DEN,MF,Manchester Utd,19.9,1451,38,244,811,398,34,14,6,8,19,21,3,56,1054,1308,80.6,7,3.8,2.9,31,130,23,4,143,61,03.07,8,0.4,1,34,10,3.9,3.9
156,Pervis Estupiñán,ec ECU,DF,Brighton,25.2,1930,70,432,945,569,58,35,14,16,80,49,12,165,1386,1682,82.4,4,4.1,2.9,43,88,35,14,138,75,03.37,7,0.28,0,23,3,1.3,1.3
157,Jonny Evans,nir NIR,DF,Leicester City,9.0,757,97,370,380,8,2,0,0,0,6,4,0,0,603,675,89.3,0,0.0,0.1,1,40,1,0,31,4,00.44,0,0.0,0,1,1,0.2,0.2
158,Eberechi Eze,eng ENG,MFFW,Crystal Palace,26.3,1353,19,205,667,513,68,110,66,35,63,51,25,104,822,1049,78.4,3,3.9,2.8,52,76,30,2,111,105,04.39,13,0.49,8,60,21,5.7,4.9
159,?ukasz Fabia?ski,pl POL,GK,West Ham,31.6,915,796,910,5,0,0,0,0,0,0,0,0,0,537,845,63.6,0,0.0,0.0,0,12,0,0,0,2,00.06,0,0.0,0,0,0,0.0,0.0
160,Fabinho,br BRA,MF,Liverpool,27.2,1894,76,423,1185,289,20,13,6,3,12,21,1,36,1471,1666,88.3,1,1.9,1.7,15,116,13,0,141,50,02.24,7,0.26,0,16,4,0.7,0.7
161,Wout Faes,be BEL,DF,Leicester City,28.0,2035,319,1147,858,42,18,11,8,3,10,6,0,2,1486,1739,85.5,2,0.6,0.6,9,69,5,0,72,22,01.19,4,0.14,0,12,2,0.9,0.9
162,Felipe,br BRA,DF,Nott'ham Forest,13.9,736,144,439,260,50,29,17,13,3,3,3,0,2,389,538,72.3,1,0.5,0.8,5,14,2,0,20,12,01.26,1,0.07,0,9,1,0.7,0.7
163,João Félix,pt POR,FWMF,Chelsea,9.0,424,0,28,190,211,40,50,20,23,32,35,9,72,236,309,76.4,0,0.5,0.9,7,27,14,1,41,27,03.00,1,0.11,3,37,14,3.7,3.7
164,Evan Ferguson,ie IRL,FW,Brighton,7.2,253,8,19,117,120,28,11,6,5,7,2,4,41,138,172,80.2,2,0.5,0.5,8,2,5,0,8,18,02.51,2,0.28,4,26,14,4.1,4.1
165,Bruno Fernandes,pt POR,MFFW,Manchester Utd,33.0,2155,64,349,881,945,126,55,26,24,74,62,20,203,1344,1819,73.9,7,14.6,9.5,103,131,74,9,231,185,06.01,15,0.45,6,75,27,7.0,6.2
166,Enzo Fernández,ar ARG,MF,Chelsea,13.2,1226,37,278,759,200,9,19,10,8,12,17,1,17,955,1083,88.2,2,1.5,1.5,13,122,15,0,119,39,03.36,5,0.38,0,16,2,0.7,0.7
167,Roberto Firmino,br BRA,FWMF,Liverpool,12.6,702,3,68,357,279,78,23,13,9,13,12,6,90,426,540,78.9,4,2.3,1.9,20,45,18,1,76,42,03.32,7,0.55,9,37,23,4.9,4.9
168,Junior Firpo,es ESP,DF,Leeds United,13.9,726,44,267,332,134,12,13,5,8,18,16,0,32,424,572,74.1,1,0.8,0.7,8,35,7,3,48,20,01.44,2,0.14,1,1,1,0.1,0.1
169,Phil Foden,eng ENG,FW,Manchester City,16.9,1098,12,89,351,668,114,64,30,28,45,32,18,241,730,915,79.8,6,3.4,3.5,35,29,29,9,67,81,05.19,13,1.17,10,38,21,5.0,5.0
170,Datro Fofana,ci CIV,FW,Chelsea,0.7,27,0,0,10,18,5,7,5,1,2,2,1,8,4,6,66.7,0,0.1,0.1,2,0,1,0,1,5,07.38,0,0.0,0,3,1,0.2,0.2
171,Wesley Fofana,fr FRA,DF,Leicester City,2.0,169,11,68,97,7,3,3,2,0,3,5,2,1,117,140,83.6,0,0.0,0.0,0,16,0,0,6,2,01.00,0,0.0,0,2,1,0.1,0.1
172,Wesley Fofana,fr FRA,DF,Chelsea,10.6,820,70,327,416,81,10,12,7,1,27,17,1,12,615,691,89.0,0,0.0,0.3,1,44,2,0,36,10,01.34,2,0.19,1,6,2,0.7,0.7
173,Pablo Fornals,es ESP,FWMF,West Ham,14.1,764,13,127,356,292,27,19,9,9,24,22,7,83,456,640,71.3,1,1.5,1.8,14,48,8,4,64,44,03.13,2,0.14,2,22,6,1.9,1.9
174,Adam Forshaw,eng ENG,MF,Leeds United,3.1,136,4,34,86,19,0,8,6,2,0,4,0,0,90,111,81.1,0,0.5,0.3,2,12,1,0,14,5,01.58,0,0.0,0,0,0,0.0,0.0
175,Fraser Forster,eng ENG,GK,Tottenham,10.5,298,264,295,3,0,0,0,0,0,0,0,0,0,209,272,76.8,0,0.0,0.0,0,2,0,0,0,0,00.00,0,0.0,0,0,0,0.0,0.0
176,Tyrese Francois,au AUS,FW,Fulham,0.0,5,0,1,3,1,0,0,0,0,0,0,0,1,2,2,100.0,0,0.0,0.0,0,1,0,0,0,0,00.00,0,0.0,0,0,0,0.0,0.0
177,Ryan Fraser,sct SCO,FW,Newcastle Utd,3.5,147,1,18,51,80,9,2,1,0,8,7,1,23,85,122,69.7,0,0.4,0.3,5,4,4,1,9,8,02.30,0,0.0,0,6,1,0.3,0.3
178,Fred,br BRA,MF,Manchester Utd,12.8,903,35,234,430,249,32,24,9,11,8,15,2,43,553,705,78.4,1,2.1,1.3,23,54,10,2,67,47,04.09,3,0.24,2,25,5,1.9,1.9
179,Ryan Fredericks,eng ENG,DF,Bournemouth,5.9,279,33,88,109,84,7,10,3,5,13,9,2,28,149,220,67.7,0,0.1,0.3,1,5,6,1,15,5,01.24,1,0.17,0,0,0,0.0,0.0
180,Remo Freuler,ch SUI,MF,Nott'ham Forest,24.0,1058,71,360,537,167,13,12,6,4,7,11,0,11,664,836,79.4,0,0.8,0.7,12,47,6,3,54,29,01.21,0,0.0,0,8,1,0.4,0.4
181,Cody Gakpo,nl NED,FW,Liverpool,13.8,494,5,36,219,252,64,42,19,12,29,28,9,97,247,332,74.4,2,1.7,1.3,17,25,10,1,38,41,03.37,5,0.36,6,34,9,4.7,4.7
182,Conor Gallagher,eng ENG,MFFW,Chelsea,14.6,944,29,181,439,337,44,46,20,19,34,37,11,72,577,722,79.9,1,2.3,1.6,21,58,16,5,88,41,03.21,3,0.21,3,20,9,1.6,1.6
183,Idrissa Gana Gueye,sn SEN,MF,Everton,26.1,1448,73,421,835,209,10,33,17,9,25,24,3,16,956,1138,84.0,1,1.1,0.8,11,100,5,0,87,45,02.12,3,0.11,0,12,4,0.5,0.5
184,Alejandro Garnacho,es ESP,FWMF,Manchester Utd,5.0,237,2,23,63,154,42,37,10,23,25,22,20,68,115,143,80.4,2,1.0,0.9,2,1,1,0,5,14,03.18,5,1.39,2,16,6,1.6,1.6
185,James Garner,eng ENG,MF,Everton,6.1,299,14,53,154,97,8,8,4,3,3,5,1,9,172,235,73.2,1,0.2,0.3,4,13,4,2,23,12,02.37,2,0.33,0,7,2,0.6,0.6
186,David de Gea,es ESP,GK,Manchester Utd,34.0,1181,1010,1176,5,0,0,0,0,0,0,0,0,0,788,1105,71.3,0,0.1,0.2,1,6,1,0,0,4,00.12,0,0.0,0,0,0,0.0,0.0
187,Joe Gelhardt,eng ENG,FW,Leeds United,2.4,115,4,10,52,54,14,9,1,7,2,2,2,21,43,67,64.2,2,0.5,0.4,2,3,1,0,6,4,02.10,2,1.25,0,10,2,0.8,0.8
188,Saman Ghoddos,ir IRN,MFDF,Brentford,1.5,92,7,23,34,38,2,2,0,2,0,2,0,5,54,73,74.0,0,0.4,0.3,3,3,1,0,6,3,02.03,0,0.0,0,1,1,0.0,0.0
189,Morgan Gibbs-White,eng ENG,FWMF,Wolves,2.0,119,1,18,53,49,4,8,2,5,4,3,1,12,75,95,78.9,0,0.1,0.2,1,10,1,0,12,4,02.00,0,0.0,0,3,1,0.7,0.7
190,Morgan Gibbs-White,eng ENG,MFFW,Nott'ham Forest,30.0,1350,16,148,585,643,72,86,42,39,66,60,17,148,626,1013,61.8,7,7.9,6.0,62,69,40,5,129,112,04.13,11,0.37,5,54,18,5.8,4.2
191,Billy Gilmour,sct SCO,MF,Brighton,3.8,329,10,71,205,57,3,3,0,2,5,6,1,4,271,298,90.9,0,0.1,0.6,1,23,6,0,30,11,03.31,2,0.53,0,5,0,0.4,0.4
192,Degnand Gnonto,it ITA,FWMF,Leeds United,14.1,669,10,88,229,368,41,71,20,40,63,36,16,127,342,477,71.7,4,2.1,2.1,20,12,16,4,32,46,03.27,7,0.5,2,22,8,1.8,1.8
193,Ben Godfrey,eng ENG,DF,Everton,8.9,391,55,159,175,63,8,8,3,3,9,8,0,7,182,281,64.8,1,0.2,0.1,3,24,1,1,19,4,00.45,2,0.22,0,6,0,1.2,1.2
194,João Gomes,br BRA,MF,Wolves,5.3,314,16,84,158,73,4,16,6,6,6,6,0,8,184,242,76.0,0,0.2,0.1,5,12,0,0,15,13,02.44,2,0.38,1,3,1,0.2,0.2
195,Toti Gomes,pt POR,DF,Wolves,9.0,541,76,240,221,82,11,15,9,5,2,11,0,15,355,434,81.8,0,0.2,0.2,3,21,6,2,21,7,01.18,1,0.11,1,4,2,0.4,0.4
196,Joe Gomez,eng ENG,DF,Liverpool,15.3,1428,105,570,796,70,4,5,4,1,15,11,0,4,1086,1275,85.2,0,0.2,0.7,1,116,4,0,103,17,01.11,1,0.07,0,5,1,0.2,0.2
197,Sergio Gómez,es ESP,DFMF,Manchester City,1.9,176,7,32,107,37,7,1,0,1,3,4,1,15,133,153,86.9,1,0.4,0.2,2,13,2,0,10,3,01.55,1,0.52,0,4,0,0.3,0.3
198,Anthony Gordon,eng ENG,FWMF,Newcastle Utd,4.4,236,3,21,100,117,26,17,7,9,19,13,11,40,144,175,82.3,0,0.8,0.8,5,11,4,0,14,13,03.35,1,0.23,0,7,1,1.2,1.2
199,Anthony Gordon,eng ENG,FW,Everton,12.2,464,13,87,165,218,47,45,11,29,28,23,13,67,193,280,68.9,0,0.6,0.5,8,8,11,2,19,23,02.29,0,0.0,3,26,16,3.3,3.3
200,Demarai Gray,eng ENG,FWMF,Everton,26.2,1116,22,107,419,611,96,86,30,39,87,57,46,185,549,795,69.1,1,3.7,3.7,35,30,17,6,45,87,03.32,4,0.15,4,50,20,5.6,4.0
201,Jack Grealish,eng ENG,FW,Manchester City,22.7,1300,20,140,420,766,136,109,45,28,143,83,63,308,898,1067,84.2,7,7.0,6.7,50,28,48,2,100,104,04.58,20,1.28,5,41,15,4.6,4.6
202,Sam Greenwood,eng ENG,MFFW,Leeds United,4.1,224,6,42,96,91,5,6,2,3,7,7,1,8,101,166,60.8,2,1.1,1.0,13,14,1,0,14,21,05.09,3,1.13,1,11,2,0.6,0.6
203,Pascal Groß,de GER,MFDF,Brighton,31.2,2309,56,387,1085,849,88,30,14,13,57,50,6,193,1661,2089,79.5,6,9.5,8.0,71,138,62,12,232,127,04.07,11,0.35,8,34,15,5.1,5.1
204,Vicente Guaita,es ESP,GK,Crystal Palace,27.0,895,785,893,2,0,0,0,0,0,0,0,0,0,610,845,72.2,0,0.0,0.0,0,3,0,0,1,1,00.04,0,0.0,0,0,0,0.0,0.0
205,Gonçalo Guedes,pt POR,FWMF,Wolves,7.9,280,3,28,105,153,30,15,5,7,20,12,7,54,138,201,68.7,1,0.5,0.5,9,11,8,2,16,27,03.44,1,0.13,1,19,6,1.2,1.2
206,Marc Guéhi,eng ENG,DF,Crystal Palace,34.0,2281,349,1292,938,61,22,17,10,3,15,11,0,2,1658,1954,84.9,0,0.3,0.6,8,124,2,0,95,22,01.05,1,0.03,1,11,6,1.2,1.2
207,Bruno Guimarães,br BRA,MF,Newcastle Utd,26.3,1721,53,339,942,466,45,83,39,24,32,46,4,36,1177,1421,82.8,5,3.8,3.3,36,125,40,2,184,87,03.31,11,0.42,3,25,7,2.0,2.0
208,?lkay Gündo?an,de GER,MF,Manchester City,24.3,1663,29,212,901,558,81,39,16,15,52,41,7,121,1259,1451,86.8,3,3.0,4.0,34,136,35,1,164,87,03.58,16,1.06,6,50,18,7.2,6.4
209,Darko Gyabi,eng ENG,FW,Leeds United,0.1,8,0,1,4,3,1,1,0,0,0,0,0,0,4,4,100.0,0,0.0,0.0,0,0,0,0,2,0,00.00,0,0.0,0,1,0,0.1,0.1
210,Erling Haaland,no NOR,FW,Manchester City,28.7,716,16,37,269,411,201,29,10,17,30,10,22,142,341,471,72.4,7,4.8,2.9,27,14,22,0,57,69,02.40,16,0.56,35,107,51,26.8,21.5
211,Lewis Hall,eng ENG,DFMF,Chelsea,3.4,254,12,99,94,63,10,12,2,9,10,5,3,19,147,195,75.4,0,0.3,0.2,4,10,3,1,9,12,03.55,0,0.0,0,5,2,0.5,0.5
212,Luke Harris,wls WAL,MFFW,Fulham,0.1,14,0,0,8,6,0,0,0,0,0,0,0,0,13,14,92.9,0,0.0,0.0,0,1,0,0,1,0,00.00,0,0.0,0,0,0,0.0,0.0
213,Jack Harrison,eng ENG,FWMF,Leeds United,27.7,1444,31,179,511,772,78,110,46,53,92,47,23,238,672,1064,63.2,7,4.9,4.7,50,48,43,16,90,110,04.36,9,0.32,4,35,12,4.5,4.5
214,Kai Havertz,de GER,FWMF,Chelsea,26.1,1150,43,100,465,594,156,58,16,38,54,27,29,198,643,798,80.6,1,3.4,2.5,35,43,23,2,75,58,02.23,4,0.15,7,64,29,11.0,10.2
215,Jan Paul van Hecke,nl NED,DF,Brighton,1.0,113,4,23,82,8,2,0,0,0,3,4,0,0,96,101,95.0,0,0.0,0.0,0,13,0,0,10,0,00.00,0,0.0,0,2,0,0.6,0.6
216,Hwang Hee-chan,kr KOR,FWMF,Wolves,10.5,358,12,58,152,154,28,24,9,11,22,9,6,47,173,229,75.5,1,1.0,0.5,9,8,7,1,23,24,02.28,2,0.19,2,15,6,1.9,1.9
217,Dean Henderson,eng ENG,GK,Nott'ham Forest,18.0,715,600,711,5,0,0,0,0,0,0,0,0,0,425,671,63.3,0,0.0,0.0,0,11,1,0,0,3,00.17,0,0.0,0,0,0,0.0,0.0
218,Jordan Henderson,eng ENG,MF,Liverpool,21.1,1641,33,268,942,444,42,16,7,7,29,43,1,78,1232,1487,82.9,2,2.9,3.2,27,146,42,10,175,62,03.34,5,0.24,0,22,4,1.3,1.3
219,Wayne Hennessey,wls WAL,GK,Nott'ham Forest,2.0,64,52,64,0,0,0,0,0,0,0,0,0,0,45,56,80.4,0,0.0,0.0,0,2,0,0,0,0,00.00,0,0.0,0,0,0,0.0,0.0
220,Rico Henry,eng ENG,DF,Brentford,33.0,1425,98,428,591,430,30,46,24,17,44,35,9,106,776,1079,71.9,2,2.5,2.6,21,67,34,12,98,42,01.27,5,0.15,0,20,4,1.6,1.6
221,Son Heung-min,kr KOR,MFFW,Tottenham,29.3,1110,10,129,409,594,96,72,29,34,75,56,26,178,607,827,73.4,5,5.6,3.9,55,30,30,5,73,110,04.16,12,0.41,10,77,37,9.6,9.6
222,Aaron Hickey,sct SCO,DF,Brentford,18.6,898,43,270,450,187,17,39,14,15,34,16,1,41,600,726,82.6,0,0.2,0.5,3,56,11,4,74,17,01.31,1,0.05,0,10,2,0.3,0.3
223,Joseph Hodge,ie IRL,MF,Wolves,1.9,103,5,25,47,31,3,0,0,0,1,2,0,4,69,87,79.3,0,0.1,0.0,1,7,1,0,7,2,01.07,0,0.0,0,1,0,0.1,0.1
224,Rob Holding,eng ENG,DF,Arsenal,6.3,499,58,240,245,15,7,1,1,0,3,1,1,2,382,442,86.4,0,0.0,0.1,0,23,1,0,24,6,01.35,0,0.0,1,5,2,0.3,0.3
225,Mason Holgate,eng ENG,DF,Everton,4.9,267,31,113,131,23,4,3,3,0,4,3,0,4,135,201,67.2,0,0.3,0.2,5,11,2,1,12,9,02.22,2,0.41,0,3,0,0.3,0.3
226,Will Hughes,eng ENG,MF,Crystal Palace,6.5,336,20,75,172,95,9,3,1,2,9,7,2,16,210,273,76.9,1,0.9,0.5,5,19,5,0,22,12,02.24,1,0.15,0,3,2,0.2,0.2
227,Omari Hutchinson,eng ENG,FW,Chelsea,0.3,15,0,0,4,11,2,0,0,0,1,0,1,1,8,12,66.7,0,0.0,0.0,0,0,0,0,0,1,04.31,0,0.0,0,0,0,0.0,0.0
228,Pierre Højbjerg,dk DEN,MF,Tottenham,33.8,2570,118,653,1496,444,32,43,29,12,45,41,8,66,1974,2238,88.2,5,2.8,3.1,29,204,34,5,232,96,03.24,14,0.41,4,33,9,2.0,2.0
229,Kelechi Iheanacho,ng NGA,FWMF,Leicester City,11.2,410,9,24,176,215,54,36,19,16,31,11,18,90,200,278,71.9,4,3.5,1.7,18,18,8,0,24,40,03.58,5,0.45,5,36,13,7.0,6.2
230,Danny Ings,eng ENG,FW,West Ham,6.4,151,8,19,69,66,22,12,4,7,7,7,2,25,57,93,61.3,0,0.2,0.2,2,7,0,0,6,5,01.18,1,0.16,2,9,3,2.2,2.2
231,Danny Ings,eng ENG,FW,Aston Villa,9.2,267,12,26,106,139,49,16,10,6,15,6,9,46,114,162,70.4,0,1.2,0.6,9,7,4,0,12,16,02.15,1,0.11,6,25,12,5.3,3.8
232,Alexander Isak,se SWE,FW,Newcastle Utd,13.0,428,9,23,149,265,77,52,24,21,29,22,15,92,197,265,74.3,1,2.1,1.2,15,25,12,0,35,38,03.33,4,0.31,10,38,20,7.5,6.0
233,Daniel Iversen,dk DEN,GK,Leicester City,9.0,309,262,308,1,0,0,0,0,0,0,0,0,0,164,283,58.0,0,0.0,0.0,0,4,0,0,0,1,00.11,0,0.0,0,0,0,0.0,0.0
234,Alex Iwobi,ng NGA,MFFW,Everton,34.5,1772,50,332,845,640,57,107,52,50,81,66,13,132,1070,1425,75.1,7,5.9,4.0,61,125,57,14,178,113,03.27,9,0.26,2,37,13,2.3,2.3
235,Daniel James,wls WAL,FW,Leeds United,2.2,66,1,9,26,32,6,6,1,2,6,2,3,9,24,40,60.0,0,0.3,0.3,1,1,3,1,3,4,02.22,0,0.0,0,3,1,0.3,0.3
236,Daniel James,wls WAL,FW,Fulham,6.8,250,9,27,77,153,28,13,4,3,22,11,7,45,117,183,63.9,1,0.7,0.4,7,2,7,2,15,11,02.02,0,0.0,2,14,3,1.7,1.7
237,Reece James,eng ENG,DFMF,Chelsea,13.8,1187,39,256,543,395,25,40,22,10,52,26,9,115,891,1051,84.8,1,3.0,2.9,21,60,24,6,90,47,03.40,3,0.22,1,16,4,1.0,1.0
238,Vitaly Janelt,de GER,MFDF,Brentford,21.5,1100,53,295,592,220,31,23,9,13,12,17,2,26,706,899,78.5,1,1.3,1.3,14,65,17,7,76,42,02.35,3,0.14,3,11,5,2.2,2.2
239,Pontus Jansson,se SWE,DF,Brentford,8.0,393,73,243,137,13,8,2,2,0,1,1,0,0,257,321,80.1,0,0.0,0.1,0,11,0,0,14,2,00.25,1,0.12,1,4,2,0.3,0.3
240,Mathias Jensen,dk DEN,MF,Brentford,29.6,1770,43,343,809,633,29,60,24,27,21,22,1,74,1005,1458,68.9,5,4.5,4.5,45,107,36,16,129,95,03.21,11,0.37,5,21,7,2.1,2.1
241,Gabriel Jesus,br BRA,FW,Arsenal,20.1,961,20,94,374,502,166,102,42,43,39,29,23,164,500,621,80.5,5,3.3,2.4,27,29,20,1,59,77,04.23,11,0.55,10,69,27,13.2,12.5
242,Raúl Jiménez,mx MEX,FW,Wolves,8.3,260,11,27,117,116,40,8,4,3,5,3,2,44,122,172,70.9,1,1.7,0.5,8,8,7,1,13,16,02.34,2,0.24,0,20,9,2.6,2.6
243,Joelinton,br BRA,MFFW,Newcastle Utd,27.6,1595,69,295,793,528,92,101,48,38,59,43,11,144,971,1188,81.7,1,2.3,1.8,24,75,18,3,119,76,03.16,10,0.36,6,48,19,6.9,6.9
244,Ben Johnson,eng ENG,DF,West Ham,8.6,564,43,232,256,81,1,14,7,4,13,5,0,19,355,481,73.8,0,0.2,0.4,3,24,9,4,37,8,01.33,0,0.0,0,1,0,0.0,0.0
245,Brennan Johnson,wls WAL,FWMF,Nott'ham Forest,31.4,778,9,85,292,427,115,85,33,39,86,45,42,153,283,491,57.6,3,3.2,1.9,28,12,18,6,30,55,02.15,11,0.35,8,51,24,8.5,6.2
246,Sam Johnstone,eng ENG,GK,Crystal Palace,6.0,214,171,214,0,0,0,0,0,0,0,0,0,0,141,199,70.9,0,0.0,0.0,0,2,0,0,0,0,00.00,0,0.0,0,0,0,0.0,0.0
247,Curtis Jones,eng ENG,MF,Liverpool,9.3,663,10,89,322,256,32,22,8,10,27,11,10,61,489,544,89.9,1,0.9,1.1,10,40,11,1,56,31,03.35,4,0.43,1,10,3,0.6,0.6
248,Jorginho,it ITA,MF,Arsenal,6.8,575,20,122,347,109,7,7,2,4,9,7,0,8,453,526,86.1,1,0.2,0.5,5,54,10,0,70,14,02.05,3,0.44,0,3,0,0.1,0.1
249,Jorginho,it ITA,MF,Chelsea,14.2,1026,36,273,577,178,8,12,5,4,13,27,1,10,749,884,84.7,0,0.4,0.4,7,87,9,0,80,29,02.04,2,0.14,2,3,1,1.7,0.1
250,Mateo Joseph,eng ENG,FWMF,Leeds United,0.3,9,1,1,5,3,1,1,0,1,0,0,0,2,2,3,66.7,0,0.0,0.0,0,0,0,0,0,0,00.00,0,0.0,0,1,1,0.1,0.1
251,Diogo Jota,pt POR,FW,Liverpool,11.1,493,20,67,213,221,60,35,12,19,30,26,11,89,252,340,74.1,4,2.1,1.6,17,25,7,1,28,28,02.53,5,0.45,5,31,9,5.5,5.5
252,Hamed Junior Traorè,ci CIV,FWMF,Bournemouth,4.7,246,2,29,109,116,11,25,16,8,19,13,1,21,109,178,61.2,0,1.1,1.1,14,11,10,3,26,20,04.22,1,0.21,0,6,0,0.9,0.9
253,James Justin,eng ENG,DF,Leicester City,13.9,980,48,296,475,216,8,19,4,11,20,19,4,50,667,819,81.4,0,0.3,0.5,7,48,12,7,47,21,01.51,2,0.14,0,5,0,0.3,0.3
254,Mathias Jørgensen,dk DEN,DF,Brentford,11.1,552,80,265,258,31,9,1,0,1,1,2,0,1,359,453,79.2,0,0.1,0.1,1,29,0,0,33,6,00.54,1,0.09,0,4,1,0.8,0.8
255,Sasa Kalajdzic,at AUT,FW,Wolves,0.5,7,0,2,1,4,2,0,0,0,0,0,0,1,2,4,50.0,0,0.0,0.0,0,0,0,0,0,0,00.00,0,0.0,0,1,0,0.3,0.3
256,Boubacar Kamara,fr FRA,MF,Aston Villa,17.5,1060,58,326,623,121,8,27,11,10,14,9,0,8,747,881,84.8,1,0.8,0.7,7,58,6,0,80,22,01.26,4,0.23,0,4,1,0.2,0.2
257,Harry Kane,eng ENG,FW,Tottenham,34.8,1204,24,91,576,558,157,98,38,48,56,46,20,183,579,833,69.5,3,6.8,3.8,55,90,46,6,169,125,03.59,16,0.46,26,116,48,19.2,15.3
258,N'Golo Kanté,fr FRA,MF,Chelsea,5.8,404,11,53,195,163,16,18,12,4,19,15,2,36,271,338,80.2,1,1.9,0.8,13,23,11,3,34,24,04.17,2,0.35,0,8,1,0.3,0.3
259,Michael Keane,eng ENG,DF,Everton,10.3,517,82,260,224,37,21,5,4,0,2,2,0,3,276,399,69.2,1,0.3,0.2,2,30,0,0,27,7,01.08,1,0.1,1,14,4,1.3,1.3
260,Neeskens Kebano,cd COD,FW,Fulham,8.3,313,10,47,88,185,29,28,9,14,38,14,11,67,153,208,73.6,3,1.5,0.9,13,2,9,3,24,23,03.16,5,1.0,0,9,2,0.5,0.5
261,Thilo Kehrer,de GER,DF,West Ham,23.3,1242,125,554,549,145,16,11,8,3,15,12,1,29,856,1033,82.9,2,0.6,0.8,8,55,4,1,56,23,01.39,4,0.17,0,7,1,0.4,0.4
262,Naby Keïta,gn GUI,MF,Liverpool,3.3,206,5,34,114,59,11,4,3,0,5,6,0,21,129,168,76.8,0,0.7,0.2,8,15,2,0,15,12,04.07,0,0.0,0,10,0,0.6,0.6
263,Lloyd Kelly,eng ENG,DF,Bournemouth,19.7,1161,150,623,438,108,9,7,1,5,11,4,0,3,773,967,79.9,2,0.4,0.7,6,66,7,2,39,14,01.11,2,0.1,0,3,0,0.2,0.2
264,Max Kilman,eng ENG,DF,Wolves,35.0,2346,413,1384,912,65,23,21,16,5,28,13,1,4,1659,1996,83.1,0,0.1,0.6,2,126,7,2,118,21,01.00,2,0.06,0,12,0,1.2,1.2
265,Jakub Kiwior,pl POL,DF,Arsenal,2.2,118,24,65,50,3,1,0,0,0,0,1,0,0,84,93,90.3,0,0.0,0.0,0,1,0,0,1,0,00.00,0,0.0,0,0,0,0.0,0.0
266,Mateusz Klich,pl POL,MFFW,Leeds United,3.1,189,3,25,82,85,9,6,2,4,5,5,2,21,108,148,73.0,0,0.2,0.2,5,6,5,0,16,7,02.26,0,0.0,0,4,1,0.2,0.2
267,Robin Koch,de GER,DF,Leeds United,32.3,1831,249,1025,758,59,18,1,1,0,10,6,0,5,1161,1502,77.3,0,0.1,0.3,2,109,5,0,97,11,00.34,2,0.06,0,12,3,1.1,1.1
268,Ibrahima Konaté,fr FRA,DF,Liverpool,15.2,1181,100,534,616,37,19,13,10,2,7,7,0,4,891,1016,87.7,0,0.1,0.7,1,47,2,0,51,15,01.38,1,0.07,0,9,3,1.1,1.1
269,Ezri Konsa,eng ENG,DF,Aston Villa,33.9,2052,310,1192,799,69,22,15,5,3,7,8,0,11,1578,1783,88.5,0,1.3,0.7,8,68,4,2,54,14,00.41,2,0.06,0,8,0,1.1,1.1
270,Kalidou Koulibaly,sn SEN,DF,Chelsea,19.9,1677,172,788,833,63,19,6,4,2,10,8,0,4,1270,1465,86.7,1,0.4,0.4,7,83,9,1,81,21,01.06,3,0.15,2,11,4,0.9,0.9
271,Cheikhou Kouyaté,sn SEN,MF,Nott'ham Forest,9.3,344,35,129,157,61,13,9,6,1,6,4,3,14,174,233,74.7,0,0.7,0.3,6,11,2,0,18,8,01.26,0,0.0,1,6,5,0.4,0.4
272,Mateo Kova?i?,hr CRO,MF,Chelsea,18.2,1434,31,275,894,279,12,34,19,10,35,38,2,30,1086,1267,85.7,2,2.1,2.0,23,151,23,1,150,61,03.34,3,0.16,1,23,1,1.8,1.8
273,Emil Krafth,se SWE,DF,Newcastle Utd,0.0,1,0,1,0,0,0,0,0,0,0,0,0,0,0,0,,0,0.0,0.0,0,0,0,0,0,0,00.00,0,0.0,0,0,0,0.0,0.0
274,Dejan Kulusevski,se SWE,MFFW,Tottenham,21.1,962,23,150,361,479,102,103,44,51,79,42,45,180,532,681,78.1,6,4.1,4.5,41,14,32,11,59,86,04.08,9,0.43,2,39,9,2.2,2.2
275,Layvin Kurzawa,fr FRA,DF,Fulham,1.5,64,8,35,18,11,0,4,2,2,1,0,0,2,28,41,68.3,0,0.0,0.0,0,1,1,1,2,0,00.00,0,0.0,0,0,0,0.0,0.0
276,Adam Lallana,eng ENG,MFFW,Brighton,8.0,373,6,43,180,151,33,6,3,3,10,4,4,43,262,317,82.6,1,1.0,1.2,14,23,9,1,33,22,03.15,2,0.25,2,8,5,0.9,0.9
277,Tariq Lamptey,gh GHA,DF,Brighton,5.0,376,15,80,138,161,17,28,8,13,28,12,7,58,239,302,79.1,0,0.2,0.7,4,14,8,5,26,14,03.18,0,0.0,0,5,0,0.2,0.2
278,Manuel Lanzini,ar ARG,MFFW,West Ham,1.7,108,0,21,60,28,0,1,1,0,2,3,0,4,83,100,83.0,0,0.0,0.1,0,7,2,0,14,2,01.21,0,0.0,0,2,0,0.1,0.1
279,Aymeric Laporte,es ESP,DF,Manchester City,8.2,756,51,231,393,135,11,2,1,1,21,36,0,10,651,704,92.5,0,0.2,0.4,4,65,6,0,66,16,02.36,0,0.0,0,9,1,0.4,0.4
280,Juan Larios,es ESP,DF,Southampton,1.7,106,10,32,55,20,2,4,3,1,10,2,1,1,63,82,76.8,0,0.0,0.0,0,5,0,0,4,1,00.59,1,0.59,0,0,0,0.0,0.0
281,Jamaal Lascelles,eng ENG,DF,Newcastle Utd,2.4,118,27,68,47,4,4,0,0,0,0,0,0,0,79,93,84.9,0,0.0,0.0,0,4,0,0,3,1,00.41,0,0.0,0,2,0,0.1,0.1
282,Roméo Lavia,be BEL,MF,Southampton,22.1,1173,47,252,763,172,1,45,25,12,20,21,0,14,786,913,86.1,0,0.6,0.6,16,92,9,0,97,38,02.12,2,0.09,1,11,3,0.4,0.4
283,Dexter Lembikisa,jm JAM,DF,Wolves,0.3,13,0,3,7,3,0,0,0,0,2,0,0,3,10,13,76.9,0,0.0,0.0,0,2,0,0,3,1,04.31,0,0.0,0,0,0,0.0,0.0
284,Mario Lemina,ga GAB,MF,Wolves,12.4,668,47,232,375,69,4,15,9,2,4,5,0,8,465,539,86.3,1,0.3,0.4,3,29,5,1,38,7,00.56,2,0.16,0,9,2,0.3,0.3
285,Clément Lenglet,fr FRA,DF,Tottenham,19.4,1427,138,693,642,98,15,9,5,3,27,24,1,7,1101,1265,87.0,2,0.6,0.8,6,70,10,5,76,21,01.08,5,0.26,0,12,2,0.9,0.9
286,Bernd Leno,de GER,GK,Fulham,33.0,1346,1081,1339,7,0,0,0,0,0,0,0,0,0,984,1251,78.7,0,0.0,0.0,1,11,0,0,0,2,00.06,0,0.0,0,0,0,0.0,0.0
287,Jefferson Lerma,co COL,MF,Bournemouth,33.1,1750,156,541,911,319,42,21,12,8,20,31,1,26,1180,1453,81.2,0,2.2,2.9,17,114,23,2,132,45,01.36,1,0.03,5,34,10,2.5,2.5
288,Jamal Lewis,nir NIR,DF,Newcastle Utd,0.1,13,0,6,2,5,2,0,0,0,0,1,0,1,10,12,83.3,0,0.0,0.0,0,0,0,0,1,0,00.00,0,0.0,0,0,0,0.0,0.0
289,Rico Lewis,eng ENG,DFMF,Manchester City,7.0,568,13,88,329,155,9,10,4,3,20,18,3,18,478,518,92.3,0,1.2,1.2,8,33,8,3,42,20,03.24,0,0.0,0,4,1,0.2,0.2
290,Keane Lewis-Potter,eng ENG,FWMF,Brentford,3.6,138,4,24,48,69,18,14,4,10,8,6,3,39,49,86,57.0,1,1.2,0.3,5,2,3,1,6,8,02.24,2,0.56,0,7,2,0.5,0.5
291,Victor Lindelöf,se SWE,DF,Manchester Utd,11.2,817,102,420,375,24,3,3,2,1,3,2,0,1,657,707,92.9,0,0.0,0.1,0,26,1,0,27,1,00.09,0,0.0,0,2,0,0.1,0.1
292,Jesse Lingard,eng ENG,FWMF,Nott'ham Forest,10.3,371,7,44,202,132,16,10,6,4,11,12,0,38,236,297,79.5,0,0.7,0.5,11,27,7,1,33,25,02.44,2,0.2,0,10,2,1.0,1.0
293,Diego Llorente,es ESP,DF,Leeds United,7.2,506,59,283,210,15,6,3,2,1,2,1,0,1,356,429,83.0,0,0.0,0.0,0,17,0,0,27,6,01.23,1,0.14,0,6,0,0.7,0.7
294,Hugo Lloris,fr FRA,GK,Tottenham,24.5,794,723,792,2,0,0,0,0,0,0,0,0,0,561,728,77.1,0,0.0,0.0,0,13,0,0,0,5,00.20,0,0.0,0,0,0,0.0,0.0
295,Renan Lodi,br BRA,DF,Nott'ham Forest,22.1,1067,89,437,405,240,17,35,16,11,23,14,2,66,556,829,67.1,0,0.7,0.9,9,25,13,7,30,24,01.09,2,0.09,0,11,0,0.8,0.8
296,Ruben Loftus-Cheek,eng ENG,MFDF,Chelsea,14.9,944,35,169,515,273,39,52,25,20,46,22,9,78,678,798,85.0,0,1.3,1.6,12,69,14,1,74,29,02.34,3,0.2,0,9,2,0.8,0.8
297,Sean Longstaff,eng ENG,MF,Newcastle Utd,27.0,1375,45,276,711,395,70,27,8,18,21,13,8,104,899,1113,80.8,4,3.3,2.5,22,77,20,5,112,59,02.19,6,0.22,1,30,6,3.4,3.4
298,Jamal Lowe,jm JAM,MFFW,Bournemouth,0.1,4,0,0,3,1,0,0,0,0,0,0,0,0,2,4,50.0,0,0.0,0.0,0,0,1,0,1,0,00.00,0,0.0,0,0,0,0.0,0.0
299,Douglas Luiz,br BRA,MF,Aston Villa,29.6,1938,64,486,1080,390,18,41,23,13,43,32,4,31,1370,1657,82.7,5,3.8,2.6,40,105,17,3,131,86,03.31,9,0.3,4,30,10,2.5,2.5
300,Saša Luki?,rs SRB,MF,Fulham,3.7,216,8,40,136,42,3,3,2,1,6,6,1,5,164,187,87.7,0,0.0,0.1,0,18,1,0,11,5,01.35,1,0.27,0,4,1,0.1,0.1
301,Lyanco,br BRA,DF,Southampton,10.1,576,74,267,259,59,12,9,7,2,12,8,1,4,320,456,70.2,0,0.4,0.1,3,29,3,1,31,10,01.39,0,0.0,1,12,4,0.6,0.6
302,Alexis Mac Allister,ar ARG,MF,Brighton,28.2,1944,41,315,1072,575,59,60,36,16,57,62,8,65,1415,1640,86.3,1,3.7,3.9,38,134,28,1,155,89,03.15,7,0.25,10,75,27,11.9,7.1
303,James Maddison,eng ENG,MFFW,Leicester City,25.1,1315,14,138,586,603,97,93,39,34,69,40,28,140,771,1049,73.5,9,9.2,5.5,67,108,26,3,144,132,05.27,13,0.52,10,77,25,8.1,6.1
304,Noni Madueke,eng ENG,FW,Chelsea,4.2,243,5,27,83,139,29,39,22,13,23,12,9,59,134,173,77.5,0,0.3,0.3,7,7,7,0,21,10,02.36,0,0.0,1,9,5,0.8,0.8
305,Harry Maguire,eng ENG,DF,Manchester Utd,7.4,596,62,306,264,30,8,3,2,1,8,6,1,4,439,514,85.4,0,0.0,0.1,1,29,0,0,24,5,01.07,1,0.13,0,2,0,0.3,0.3
306,Riyad Mahrez,dz ALG,FWMF,Manchester City,17.5,1191,7,77,437,685,98,62,20,23,67,46,39,216,828,1001,82.7,9,6.5,4.7,45,34,30,6,66,98,05.59,19,1.08,5,38,12,5.4,4.6
307,Kobbie Mainoo,eng ENG,MF,Manchester Utd,0.1,11,0,2,4,5,3,1,0,1,2,0,0,1,7,8,87.5,0,0.0,0.1,0,1,1,0,1,2,16.36,0,0.0,0,0,0,0.0,0.0
308,Ainsley Maitland-Niles,eng ENG,DFMF,Southampton,14.7,873,67,316,422,145,7,21,16,5,13,12,2,32,542,686,79.0,0,0.7,0.7,10,52,12,5,55,24,02.03,2,0.14,0,1,1,0.0,0.0
309,Tyrell Malacia,nl NED,DF,Manchester Utd,14.0,905,49,350,358,203,13,18,5,13,19,16,3,32,629,731,86.0,0,0.4,0.5,6,34,5,0,39,14,01.00,0,0.0,0,5,2,0.2,0.2
310,Orel Mangala,be BEL,MF,Nott'ham Forest,14.4,582,27,152,343,93,8,29,15,10,13,5,2,9,374,466,80.3,0,0.1,0.1,2,31,2,0,34,11,01.16,0,0.0,1,9,3,0.6,0.6
311,Javier Manquillo,es ESP,DF,Newcastle Utd,0.4,34,2,10,15,9,1,0,0,0,2,0,0,1,23,27,85.2,0,0.0,0.0,0,1,0,0,4,1,02.50,1,2.5,0,0,0,0.0,0.0
312,Sekou Mara,fr FRA,FWMF,Southampton,5.8,215,5,27,97,99,24,29,13,16,7,9,2,26,66,101,65.3,2,0.8,0.3,6,6,2,0,7,12,02.06,3,0.51,1,17,4,1.0,1.0
313,Solly March,eng ENG,FWDF,Brighton,30.2,1659,46,191,521,962,138,114,58,35,110,48,47,357,951,1312,72.5,7,8.4,6.3,67,63,52,15,135,140,05.04,14,0.46,7,74,31,8.1,8.1
314,Emiliano Marcondes,dk DEN,MF,Bournemouth,0.1,3,1,1,2,0,0,1,0,0,0,0,0,0,1,1,100.0,0,0.0,0.0,0,1,0,0,1,0,00.00,0,0.0,0,0,0,0.0,0.0
315,Marquinhos,br BRA,MF,Arsenal,0.0,3,0,0,2,1,0,0,0,0,0,0,0,0,2,3,66.7,0,0.0,0.0,0,0,0,0,0,0,00.00,0,0.0,0,0,0,0.0,0.0
316,Anthony Martial,fr FRA,FW,Manchester Utd,8.5,331,9,22,131,180,38,18,8,8,12,9,6,58,205,248,82.7,2,1.3,1.3,9,13,10,0,29,22,03.01,5,0.59,4,19,9,4.5,3.7
317,Martinelli,br BRA,FW,Arsenal,30.8,1486,18,128,417,963,223,131,58,55,124,65,70,350,831,1104,75.3,5,9.1,7.0,59,33,43,10,94,127,04.12,17,0.55,15,79,30,9.3,9.3
318,Emiliano Martínez,ar ARG,GK,Aston Villa,31.9,1338,1107,1324,15,0,0,0,0,0,0,0,0,0,948,1256,75.5,0,0.3,0.3,2,17,0,0,0,5,00.16,0,0.0,0,0,0,0.0,0.0
319,Lisandro Martínez,ar ARG,DF,Manchester Utd,23.5,1809,281,934,829,60,11,16,14,0,12,16,0,2,1330,1528,87.0,0,0.3,1.0,6,92,5,0,83,18,01.17,1,0.04,1,10,1,0.5,0.5
320,Pape Matar Sarr,sn SEN,MF,Tottenham,2.2,173,12,59,95,19,1,3,0,1,1,0,0,0,129,141,91.5,0,0.0,0.0,1,8,0,0,11,2,01.33,0,0.0,0,2,0,0.1,0.1
321,Jean-Philippe Mateta,fr FRA,FW,Crystal Palace,8.2,251,17,36,106,111,35,7,3,4,7,8,4,39,98,142,69.0,0,0.6,0.1,5,4,0,0,6,7,01.26,1,0.12,2,26,7,3.3,3.3
322,Joël Matip,cm CMR,DF,Liverpool,11.1,927,107,458,425,52,12,7,4,3,27,21,1,1,705,816,86.4,0,0.3,0.4,3,47,7,0,55,15,01.35,0,0.0,1,4,3,0.7,0.7
323,Neal Maupay,fr FRA,FW,Everton,11.8,371,1,25,166,185,46,17,6,11,7,7,3,58,180,241,74.7,0,0.6,0.2,7,7,2,0,10,18,01.52,1,0.08,1,30,13,4.3,4.3
324,Kevin Mbabu,ch SUI,DFFW,Fulham,1.6,114,4,38,40,38,0,6,4,2,4,2,0,11,68,94,72.3,1,0.4,0.4,2,4,5,3,8,3,02.27,1,1.02,0,0,0,0.0,0.0
325,Bryan Mbeumo,cm CMR,FW,Brentford,29.3,1190,19,166,373,668,102,80,40,34,60,25,21,216,584,893,65.4,6,6.1,4.7,45,31,42,13,80,87,03.37,13,0.44,6,57,25,8.0,7.2
326,James McArthur,sct SCO,MF,Crystal Palace,0.2,26,1,7,14,5,0,2,1,0,0,0,0,0,17,22,77.3,0,0.0,0.0,0,0,0,0,0,0,00.00,0,0.0,0,0,0,0.0,0.0
327,Alex McCarthy,eng ENG,GK,Southampton,3.0,128,99,127,1,0,0,0,0,0,0,0,0,0,81,121,66.9,0,0.0,0.0,0,3,0,0,0,0,00.00,0,0.0,0,0,0,0.0,0.0
328,John McGinn,sct SCO,MFFW,Aston Villa,26.9,1233,35,205,690,351,40,59,36,12,30,30,6,64,742,949,78.2,3,2.6,3.2,18,103,19,5,122,75,03.19,10,0.37,1,38,9,2.2,2.2
329,Scott McKenna,sct SCO,DF,Nott'ham Forest,17.5,877,151,501,333,45,21,7,5,1,5,1,0,2,569,727,78.3,0,1.0,0.4,8,35,3,1,35,10,00.57,1,0.06,0,2,0,0.1,0.1
330,Weston McKennie,us USA,MF,Leeds United,13.4,689,39,172,350,176,12,14,11,3,11,14,0,19,412,544,75.7,0,0.5,0.5,11,44,15,3,72,23,02.12,2,0.15,0,9,2,0.5,0.5
331,Dwight McNeil,eng ENG,FWMF,Everton,24.8,1175,43,215,437,545,59,99,50,46,72,42,16,116,555,839,66.2,3,5.0,4.4,41,37,23,12,61,94,04.20,11,0.44,7,45,15,3.5,3.5
332,Scott McTominay,sct SCO,MF,Manchester Utd,12.5,590,66,197,271,128,24,26,13,9,19,16,3,19,340,412,82.5,0,0.5,1.0,7,30,5,1,30,22,02.16,0,0.0,1,11,4,1.3,1.3
333,Ben Mee,eng ENG,DF,Brentford,33.3,1942,250,996,820,135,56,12,11,1,8,10,3,14,1224,1613,75.9,0,0.3,0.7,5,79,7,1,79,26,01.18,0,0.0,3,23,5,2.4,2.4
334,Edouard Mendy,sn SEN,GK,Chelsea,8.5,286,247,283,3,0,0,1,0,1,0,0,0,0,213,268,79.5,0,0.0,0.0,0,4,0,0,0,0,00.00,0,0.0,0,0,0,0.0,0.0
335,Nampalys Mendy,sn SEN,MF,Leicester City,8.2,484,12,139,304,45,2,11,7,3,2,5,0,4,357,408,87.5,0,0.0,0.1,2,20,3,0,28,9,01.11,0,0.0,1,2,1,0.1,0.1
336,Chris Mepham,wls WAL,DF,Bournemouth,23.4,1271,275,812,433,33,14,6,3,2,2,6,2,1,828,988,83.8,0,0.2,0.6,4,41,2,0,40,8,00.34,0,0.0,0,8,4,0.7,0.7
337,Illan Meslier,fr FRA,GK,Leeds United,34.0,1122,903,1116,5,2,1,0,0,0,0,0,0,0,664,1039,63.9,0,0.0,0.0,0,13,1,0,0,4,00.12,0,0.0,0,1,1,0.1,0.1
338,Alexander Mighten,eng ENG,FW,Nott'ham Forest,0.1,4,0,1,0,3,0,3,0,2,0,0,0,1,1,1,100.0,0,0.0,0.0,0,0,0,0,0,0,00.00,0,0.0,0,0,0,0.0,0.0
339,Luka Milivojevi?,rs SRB,MF,Crystal Palace,5.7,321,28,117,153,55,1,1,1,0,2,3,0,2,207,260,79.6,0,0.2,0.2,2,17,2,1,20,3,00.53,0,0.0,0,7,0,0.3,0.3
340,James Milner,eng ENG,MFDF,Liverpool,8.7,728,22,171,332,227,22,20,11,7,17,12,5,68,476,619,76.9,1,0.8,1.6,11,50,13,4,59,32,04.07,3,0.34,0,6,1,0.4,0.4
341,Yerry Mina,co COL,DF,Everton,3.6,243,40,123,111,10,4,0,0,0,1,1,0,1,171,191,89.5,0,0.0,0.0,0,10,0,0,7,1,00.28,0,0.0,1,3,2,0.2,0.2
342,Tyrone Mings,eng ENG,DF,Aston Villa,32.0,2091,343,1197,826,74,20,12,6,3,18,18,2,7,1535,1799,85.3,2,1.4,0.9,5,97,6,0,105,21,01.06,4,0.12,1,7,2,1.2,1.2
343,Tyrick Mitchell,eng ENG,DF,Crystal Palace,29.1,1714,105,604,746,382,30,29,16,9,22,19,4,77,1032,1447,71.3,2,1.1,1.2,13,78,19,8,93,31,01.06,3,0.1,0,6,1,0.6,0.6
344,Kaoru Mitoma,jp JPN,FW,Brighton,21.5,1143,15,126,406,625,149,107,50,43,121,70,70,232,686,861,79.7,4,5.7,4.6,34,43,25,1,79,94,04.37,12,0.56,7,42,19,5.8,5.8
345,Aleksandar Mitrovi?,rs SRB,FW,Fulham,20.1,743,26,76,356,316,132,45,23,20,19,11,10,91,270,449,60.1,1,2.1,1.1,15,25,8,1,41,53,03.03,9,0.45,11,80,25,12.3,7.6
346,Kieffer Moore,wls WAL,FW,Bournemouth,13.2,482,31,52,269,162,46,12,2,6,10,8,2,50,200,339,59.0,0,0.3,0.5,4,16,6,0,22,17,01.29,2,0.15,4,21,7,4.0,4.0
347,Andrew Moran,ie IRL,FW,Brighton,0.1,6,0,0,5,1,0,0,0,0,0,0,0,1,1,2,50.0,0,0.0,0.0,0,0,0,0,0,0,00.00,0,0.0,0,0,0,0.0,0.0
348,Álex Moreno,es ESP,DF,Aston Villa,13.6,882,54,308,314,267,43,56,23,26,59,28,16,109,544,697,78.0,3,2.6,2.2,21,14,24,11,31,33,02.42,3,0.22,0,13,3,0.6,0.6
349,Mason Mount,eng ENG,MFFW,Chelsea,18.3,969,17,110,415,455,56,31,15,13,48,34,11,114,585,778,75.2,2,3.0,2.8,30,55,27,5,98,57,03.11,7,0.38,3,33,9,2.0,2.0
350,Lucas Moura,br BRA,MFDF,Tottenham,1.4,93,0,14,38,42,7,9,4,5,3,3,1,11,48,71,67.6,0,0.3,0.3,3,3,5,1,10,7,05.36,0,0.0,0,1,0,0.1,0.1
351,João Moutinho,pt POR,MF,Wolves,19.8,1218,42,243,658,325,15,15,8,7,23,23,0,32,850,1057,80.4,2,2.6,1.9,36,105,23,4,132,66,03.34,3,0.15,0,16,3,1.3,1.3
352,Divin Mubama,eng ENG,FW,West Ham,0.0,1,0,0,1,0,0,0,0,0,0,0,0,0,1,1,100.0,0,0.0,0.0,0,0,0,0,0,0,00.00,0,0.0,0,0,0,0.0,0.0
353,Mykhailo Mudryk,ua UKR,FW,Chelsea,6.4,284,6,34,98,156,22,35,10,19,22,18,6,34,143,195,73.3,2,0.7,1.1,8,10,10,0,19,19,03.39,2,0.31,0,9,3,1.2,1.2
354,Jacob Murphy,eng ENG,FW,Newcastle Utd,13.5,578,10,54,209,326,75,41,13,20,64,31,29,141,290,438,66.2,2,2.8,3.1,19,20,26,4,57,49,04.03,6,0.44,4,29,10,3.3,3.3
355,Enock Mwepu,zm ZAM,FWMF,Brighton,2.4,116,1,12,54,53,7,5,1,4,5,2,1,17,61,78,78.2,1,0.5,0.2,3,5,2,0,6,7,03.36,2,1.25,0,2,1,0.2,0.2
356,Vitaliy Mykolenko,ua UKR,DF,Everton,29.5,1625,124,576,693,370,26,25,11,14,31,33,7,72,966,1292,74.8,0,1.2,0.9,19,84,21,11,100,46,01.56,3,0.1,0,10,3,0.5,0.5
357,Keylor Navas,cr CRC,GK,Nott'ham Forest,15.0,524,470,522,2,0,0,1,1,0,0,0,0,0,290,482,60.2,0,0.0,0.0,0,6,0,0,1,3,00.20,0,0.0,0,0,0,0.0,0.0
358,Wilfred Ndidi,ng NGA,MFDF,Leicester City,17.0,1067,79,373,623,89,5,13,10,3,10,14,0,6,735,866,84.9,0,0.1,0.2,3,48,0,0,50,12,01.11,2,0.12,0,7,2,0.2,0.2
359,Reiss Nelson,eng ENG,FW,Arsenal,1.7,124,4,20,26,80,16,6,5,1,14,3,5,28,82,98,83.7,2,0.6,0.4,7,1,4,2,4,16,10.00,5,3.0,3,8,6,0.8,0.8
360,Neto,br BRA,GK,Bournemouth,24.5,808,691,803,5,0,0,1,1,0,0,0,0,0,457,750,60.9,0,0.0,0.0,0,14,2,0,0,1,00.04,1,0.04,0,0,0,0.0,0.0
361,Pedro Neto,pt POR,FWMF,Wolves,10.2,493,6,61,153,287,45,54,18,30,36,23,17,105,269,362,74.3,0,2.1,1.6,19,13,9,4,24,40,04.31,6,0.59,0,17,3,1.1,1.1
362,Rúben Neves,pt POR,MF,Wolves,31.1,2307,166,745,1224,361,22,28,19,7,26,29,1,18,1617,1957,82.6,1,1.4,1.3,28,190,13,1,203,72,02.32,3,0.1,6,62,13,5.1,2.8
363,Moussa Niakhate,sn SEN,DF,Nott'ham Forest,9.9,412,83,247,121,45,5,3,0,3,1,0,0,1,209,296,70.6,0,0.1,0.1,1,12,0,0,11,8,01.21,1,0.1,0,5,3,0.3,0.3
364,Rasmus Nissen,dk DEN,DF,Leeds United,18.8,1128,69,408,461,264,20,15,7,7,14,6,4,67,647,925,69.9,1,1.0,0.9,8,51,16,2,69,24,01.28,3,0.16,2,11,4,0.7,0.7
365,Eddie Nketiah,eng ENG,FW,Arsenal,11.5,392,10,35,149,214,82,34,15,13,32,16,22,75,193,242,79.8,1,1.2,1.3,8,7,6,0,15,28,02.43,3,0.26,4,40,14,7.4,7.4
366,Matheus Nunes,pt POR,MF,Wolves,25.7,1263,57,302,610,374,50,76,41,24,51,46,8,121,756,957,79.0,1,2.2,1.1,26,68,16,5,79,57,02.22,5,0.19,1,26,8,2.3,2.3
367,Darwin Núñez,uy URU,FW,Liverpool,18.8,633,12,51,179,412,154,44,18,19,61,33,31,181,258,401,64.3,3,5.4,2.8,28,11,12,1,29,54,03.27,3,0.16,9,84,35,12.1,12.1
368,Ethan Nwaneri,eng ENG,FW,Arsenal,0.0,1,0,0,0,1,0,0,0,0,0,0,0,0,0,0,,0,0.0,0.0,0,0,0,0,0,0,00.00,0,0.0,0,0,0,0.0,0.0
369,Christian Nørgaard,dk DEN,MF,Brentford,19.6,1050,78,338,554,165,42,19,8,10,4,11,2,8,608,812,74.9,3,3.1,1.8,12,68,8,2,73,32,02.03,7,0.36,1,19,8,1.6,1.6
370,Lewis O'Brien,eng ENG,MF,Nott'ham Forest,6.5,297,19,72,161,71,3,17,7,3,13,9,2,3,166,214,77.6,0,0.2,0.2,4,19,3,0,21,21,03.24,0,0.0,1,7,2,0.3,0.3
371,Odeluga Offiah,eng ENG,DF,Brighton,0.0,7,0,2,4,1,0,0,0,0,0,0,0,0,4,6,66.7,0,0.0,0.0,0,0,1,0,1,1,30.00.00,0,0.0,0,0,0,0.0,0.0
372,Angelo Ogbonna,it ITA,DF,West Ham,11.7,443,82,272,154,17,7,0,0,0,0,0,0,2,266,335,79.4,0,0.2,0.1,2,6,1,0,8,5,00.43,0,0.0,0,3,0,0.3,0.3
373,Michael Olise,fr FRA,FWMF,Crystal Palace,27.6,1642,24,227,652,786,71,126,50,53,93,66,30,207,869,1258,69.1,9,7.2,5.4,60,65,44,12,120,123,04.46,11,0.4,2,43,11,2.6,2.6
374,Robin Olsen,se SWE,GK,Aston Villa,3.1,141,119,139,2,0,0,0,0,0,0,0,0,0,74,131,56.5,0,0.0,0.0,0,2,0,0,0,0,00.00,0,0.0,0,0,0,0.0,0.0
375,Amadou Onana,be BEL,MF,Everton,25.4,1202,57,272,683,264,46,49,15,23,24,26,4,43,744,893,83.3,2,2.3,1.6,19,69,10,0,63,40,01.58,2,0.08,1,32,6,2.9,2.9
376,Josh Onomah,eng ENG,MF,Fulham,0.2,11,0,3,4,4,0,1,0,1,1,0,0,0,4,6,66.7,0,0.0,0.0,0,0,0,0,0,0,00.00,0,0.0,0,0,0,0.0,0.0
377,Paul Onuachu,ng NGA,FW,Southampton,3.8,128,5,14,56,61,20,12,8,3,1,1,0,22,50,77,64.9,0,0.1,0.1,4,4,1,0,5,7,02.22,0,0.0,0,9,4,1.0,1.0
378,Frank Onyeka,ng NGA,MF,Brentford,7.8,305,24,84,141,81,17,14,4,6,4,5,1,18,154,210,73.3,2,0.6,0.7,6,17,3,0,21,19,02.44,7,1.3,0,7,3,0.9,0.9
379,Mislav Orši?,hr CRO,MF,Southampton,0.1,4,0,2,0,2,0,0,0,0,0,0,0,0,2,3,66.7,0,0.0,0.0,0,0,0,0,0,0,00.00,0,0.0,0,0,0,0.0,0.0
380,Stefan Ortega,de GER,GK,Manchester City,1.0,49,33,48,1,0,0,0,0,0,0,0,0,0,43,47,91.5,0,0.0,0.0,0,0,0,0,0,0,00.00,0,0.0,0,0,0,0.0,0.0
381,Dango Ouattara,bf BFA,MFFW,Bournemouth,11.7,479,37,116,175,201,59,64,26,32,34,18,16,75,171,278,61.5,3,2.2,1.4,17,18,11,7,17,41,03.50,5,0.43,1,24,5,3.5,3.5
382,Alex Oxlade-Chamberlain,eng ENG,FWMF,Liverpool,3.7,153,4,20,69,67,17,14,5,8,11,8,3,28,75,106,70.8,0,0.9,0.2,5,8,2,0,14,9,02.43,0,0.0,1,7,3,1.3,1.3
383,David Ozoh,,FW,Crystal Palace,0.0,4,0,0,0,4,0,0,0,0,0,0,0,0,3,3,100.0,0,0.0,0.0,0,0,0,0,0,0,00.00,0,0.0,0,0,0,0.0,0.0
384,João Palhinha,pt POR,MF,Fulham,31.7,1585,78,396,977,231,31,37,13,14,6,10,2,17,963,1169,82.4,0,0.4,0.4,7,112,3,0,100,29,01.32,0,0.0,3,38,9,2.8,2.8
385,Cole Palmer,eng ENG,FWMF,Manchester City,1.7,116,3,13,45,59,15,11,7,3,10,2,7,20,76,87,87.4,0,0.2,0.3,3,3,5,1,8,5,03.00,0,0.0,0,2,0,0.1,0.1
386,Emerson Palmieri,it ITA,DFFW,West Ham,12.4,715,48,191,316,214,21,21,5,9,33,19,6,44,458,585,78.3,0,0.8,0.7,11,29,9,3,39,24,02.33,0,0.0,1,8,3,0.7,0.7
387,Lucas Paquetá,br BRA,MF,West Ham,22.1,1324,45,223,751,370,44,49,25,16,19,28,5,58,804,1035,77.7,2,1.8,1.9,27,84,26,3,127,68,03.07,9,0.41,4,47,12,4.1,3.3
388,Thomas Partey,gh GHA,MF,Arsenal,25.2,2048,74,387,1281,398,24,40,30,8,25,33,1,24,1547,1782,86.8,0,1.3,2.2,24,213,20,2,205,67,03.05,5,0.2,3,28,4,2.2,2.2
389,Nathan Patterson,sct SCO,DFMF,Everton,12.9,768,65,285,281,209,18,22,10,11,16,12,3,45,446,592,75.3,0,0.4,0.6,6,20,8,3,22,20,01.55,0,0.0,0,8,1,0.5,0.5
390,Ben Pearson,eng ENG,MF,Bournemouth,3.2,162,8,56,90,17,0,1,0,0,2,0,0,4,108,134,80.6,0,0.0,0.0,0,8,0,0,5,2,01.03,0,0.0,0,2,1,0.0,0.0
391,Facundo Pellistri,uy URU,FWMF,Manchester Utd,0.6,19,0,6,5,8,1,1,0,1,0,0,0,2,12,13,92.3,0,0.0,0.0,0,0,0,0,0,1,01.58,1,1.58,0,0,0,0.0,0.0
392,Andreas Pereira,br BRA,MF,Fulham,29.9,1312,14,106,608,613,66,49,17,25,53,44,10,133,701,1068,65.6,6,5.2,4.1,60,86,22,9,121,118,04.34,12,0.4,4,61,22,7.3,6.5
393,Ricardo Pereira,pt POR,DFMF,Leicester City,4.3,331,18,91,167,79,4,6,4,1,5,9,2,14,228,285,80.0,1,0.5,0.6,6,24,9,3,25,14,03.26,1,0.23,1,2,1,0.1,0.1
394,Ayoze Pérez,es ESP,MFFW,Leicester City,4.2,244,3,38,104,108,17,21,6,12,17,6,6,43,118,171,69.0,1,1.5,0.6,11,13,6,0,20,14,03.29,2,0.47,0,8,2,1.1,1.1
395,Ivan Periši?,hr CRO,DFMF,Tottenham,23.3,1348,73,355,440,566,94,39,18,18,86,28,35,178,702,1101,63.8,8,6.1,5.2,47,29,35,23,59,72,03.08,11,0.47,1,29,8,2.6,2.6
396,Romain Perraud,fr FRA,DF,Southampton,20.4,1153,54,360,406,395,39,38,10,25,33,35,5,122,623,885,70.4,2,1.9,1.9,15,47,15,8,62,38,02.26,5,0.25,2,30,6,1.3,1.3
397,Máximo Perrone,ar ARG,MF,Manchester City,0.2,22,0,4,12,6,2,0,0,0,0,0,0,1,18,21,85.7,0,0.0,0.0,0,0,0,0,2,1,05.14,0,0.0,0,0,0,0.0,0.0
398,Kalvin Phillips,eng ENG,MF,Manchester City,1.2,157,8,25,113,20,3,0,0,0,0,0,0,0,123,135,91.1,0,0.0,0.0,1,15,0,0,7,2,02.04,0,0.0,0,2,0,0.1,0.1
399,Nathaniel Phillips,eng ENG,DF,Liverpool,0.7,89,3,26,63,2,1,0,0,0,0,1,0,0,71,82,86.6,0,0.0,0.0,0,7,0,0,9,1,01.36,0,0.0,0,1,0,0.0,0.0
400,Jordan Pickford,eng ENG,GK,Everton,34.0,1309,964,1266,44,0,0,0,0,0,0,0,0,0,686,1212,56.6,1,0.1,0.4,2,50,1,0,1,10,00.29,1,0.03,0,0,0,0.0,0.0
401,Ethan Pinnock,jm JAM,DF,Brentford,27.0,1385,282,824,446,119,47,5,1,1,2,2,0,15,803,1024,78.4,0,1.0,1.1,8,40,2,2,45,22,01.21,4,0.15,2,12,6,2.7,2.7
402,Daniel Podence,pt POR,FWMF,Wolves,18.6,855,11,115,316,438,67,57,22,32,42,27,20,142,427,636,67.1,0,2.4,2.0,34,32,37,7,89,67,04.01,3,0.16,6,40,17,3.6,3.6
403,Nick Pope,eng ENG,GK,Newcastle Utd,33.2,913,772,906,7,0,0,0,0,0,0,0,0,0,575,836,68.8,0,0.1,0.0,2,11,0,0,1,5,00.15,0,0.0,0,0,0,0.0,0.0
404,Pedro Porro,es ESP,DFMF,Tottenham,10.5,669,39,202,246,227,20,37,12,22,31,13,4,78,380,526,72.2,2,2.0,1.8,20,20,18,12,30,33,03.14,4,0.38,2,21,6,1.5,1.5
405,Dennis Praet,be BEL,MFFW,Leicester City,7.2,342,11,67,163,118,14,14,6,7,15,7,1,42,200,270,74.1,0,0.5,0.4,3,10,5,1,17,14,02.34,0,0.0,1,5,2,1.0,1.0
406,Isaac Price,nir NIR,MF,Everton,0.4,17,1,5,10,2,0,1,1,0,1,0,0,0,12,14,85.7,0,0.1,0.0,1,1,0,0,1,2,05.45,0,0.0,0,0,0,0.0,0.0
407,Christian Pulisic,us USA,FWDF,Chelsea,8.7,414,4,51,161,210,40,44,13,22,34,29,13,72,228,289,78.9,1,0.7,0.4,12,12,3,1,22,22,02.53,3,0.34,1,17,5,1.4,1.4
408,Aaron Ramsdale,eng ENG,GK,Arsenal,35.0,1095,803,1071,25,0,0,1,1,0,0,1,0,0,693,1014,68.3,0,0.0,0.0,0,27,2,0,8,2,00.06,0,0.0,0,0,0,0.0,0.0
409,Jacob Ramsey,eng ENG,MFFW,Aston Villa,26.3,1150,51,227,569,375,73,63,23,26,79,54,19,102,677,822,82.4,5,3.7,2.1,38,63,25,2,94,76,03.29,8,0.3,4,28,9,3.3,3.3
410,Marcus Rashford,eng ENG,FW,Manchester Utd,30.5,1146,22,97,409,661,174,132,49,72,77,47,52,233,585,770,76.0,5,3.1,2.6,28,35,47,2,77,90,03.36,13,0.43,16,97,44,13.6,13.6
411,David Raya,es ESP,GK,Brentford,35.0,1567,1137,1467,102,1,1,1,1,0,0,0,0,0,964,1493,64.6,0,0.1,0.2,2,72,3,0,13,12,00.34,2,0.06,0,1,0,0.1,0.1
412,Tim Ream,us USA,DF,Fulham,32.2,2193,312,1124,1020,61,14,15,10,3,28,13,0,2,1662,1922,86.5,0,0.1,0.3,3,148,0,0,142,24,01.15,0,0.0,1,3,2,0.3,0.3
413,Nathan Redmond,eng ENG,DF,Southampton,0.0,1,0,0,0,1,0,0,0,0,0,0,0,1,0,1,0.0,0,0.0,0.0,0,0,0,0,0,0,00.00,0,0.0,0,0,0,0.0,0.0
414,Harrison Reed,eng ENG,MF,Fulham,29.6,1463,55,272,780,423,42,26,10,15,28,21,2,97,908,1176,77.2,3,2.7,1.7,31,77,28,11,97,70,02.37,7,0.24,3,20,7,1.9,1.9
415,Bobby Reid,jm JAM,FWDF,Fulham,27.1,1176,55,227,481,483,74,52,18,25,46,33,11,184,629,895,70.3,1,1.7,1.5,18,36,37,10,60,53,02.35,3,0.11,4,31,10,3.9,3.9
416,Declan Rice,eng ENG,MF,West Ham,34.0,2273,117,626,1297,396,21,60,33,22,82,67,5,37,1676,1949,86.0,1,3.2,1.8,36,212,11,3,215,96,03.22,6,0.18,3,32,7,2.1,1.3
417,Chris Richards,us USA,DF,Crystal Palace,5.0,274,47,131,119,24,7,0,0,0,4,1,0,3,169,203,83.3,0,0.3,0.0,1,15,0,0,14,2,00.40,0,0.0,0,4,0,0.7,0.7
418,Richarlison,br BRA,MFFW,Tottenham,10.2,409,11,74,158,183,53,29,10,15,30,18,11,69,184,259,71.0,3,2.2,1.5,15,16,10,3,28,31,03.04,5,0.49,1,22,9,2.6,2.6
419,Jaïro Riedewald,nl NED,DFFW,Crystal Palace,0.5,42,6,16,16,10,0,0,0,0,1,1,0,1,26,35,74.3,0,0.0,0.0,0,1,0,0,0,0,00.00,0,0.0,0,0,0,0.0,0.0
420,Matt Ritchie,sct SCO,FWMF,Newcastle Utd,0.4,35,1,8,12,16,1,1,1,0,1,3,0,9,24,31,77.4,0,0.1,0.0,1,0,0,0,1,1,02.31,0,0.0,0,0,0,0.0,0.0
421,Andrew Robertson,sct SCO,DF,Liverpool,26.9,2330,76,657,998,688,56,39,16,21,75,55,8,186,1678,2115,79.3,8,6.0,6.4,50,107,33,14,148,93,03.46,13,0.48,0,13,2,1.3,1.3
422,Antonee Robinson,us USA,DF,Fulham,31.3,2063,116,719,850,526,26,69,36,24,100,78,10,139,1266,1733,73.1,1,1.2,1.6,20,95,36,23,111,52,02.06,6,0.19,0,3,0,0.1,0.1
423,Joel Robles,es ESP,GK,Leeds United,1.0,43,37,42,1,0,0,0,0,0,0,0,0,0,23,39,59.0,0,0.0,0.0,0,0,0,0,0,0,00.00,0,0.0,0,0,0,0.0,0.0
424,Marc Roca,es ESP,MF,Leeds United,25.7,1559,47,332,906,330,26,30,17,10,24,18,6,28,972,1283,75.8,2,2.7,2.4,32,154,16,2,168,51,02.39,4,0.16,1,35,13,2.1,2.1
425,Marek Rodák,sk SVK,GK,Fulham,2.0,65,58,65,0,0,0,0,0,0,0,0,0,0,29,61,47.5,0,0.0,0.0,0,0,0,0,0,0,00.00,0,0.0,0,0,0,0.0,0.0
426,Rodri,es ESP,MF,Manchester City,30.2,3087,105,643,1885,576,62,34,23,7,73,67,3,37,2563,2812,91.1,6,4.1,3.5,32,256,31,3,253,90,03.38,10,0.33,2,49,13,4.6,4.6
427,Rodrigo,es ESP,FWMF,Leeds United,18.5,717,21,78,339,302,93,24,11,12,36,16,21,128,349,496,70.4,1,1.5,0.9,14,22,14,2,42,38,02.05,2,0.11,12,61,23,7.6,6.8
428,Mads Roerslev,dk DEN,DF,Brentford,12.2,409,49,171,134,105,12,6,2,3,8,7,1,36,186,291,63.9,0,1.0,0.7,7,14,6,4,19,12,01.38,1,0.08,0,3,0,0.3,0.3
429,Cristian Romero,ar ARG,DF,Tottenham,25.3,1841,286,933,811,110,17,21,13,7,19,25,1,9,1342,1533,87.5,1,1.2,1.0,8,85,8,0,92,24,01.35,4,0.16,0,11,2,1.5,1.5
430,Oriol Romeu,es ESP,MF,Southampton,0.8,37,2,5,19,14,1,1,1,0,2,1,0,0,28,30,93.3,0,0.0,0.2,0,0,2,0,4,3,04.05,0,0.0,0,0,0,0.0,0.0
431,Cristiano Ronaldo,pt POR,FW,Manchester Utd,5.8,220,8,25,91,106,32,9,4,3,9,6,3,33,121,162,74.7,0,0.4,0.2,6,7,1,0,12,10,02.11,0,0.0,1,25,6,1.9,1.9
432,Connor Ronan,ie IRL,MF,Wolves,0.0,4,0,0,3,1,0,1,1,0,0,0,0,1,3,4,75.0,0,0.0,0.0,0,3,0,0,0,1,90.00.00,0,0.0,0,0,0,0.0,0.0
433,Salomón Rondón,ve VEN,FW,Everton,1.2,36,1,2,15,19,4,1,1,0,0,1,0,7,22,29,75.9,0,0.2,0.1,2,2,1,0,1,4,03.30,0,0.0,0,4,1,0.8,0.8
434,Joe Rothwell,eng ENG,MF,Bournemouth,10.4,504,18,118,290,103,5,22,15,7,12,12,2,12,357,426,83.8,1,1.0,1.5,8,32,11,1,31,23,02.21,2,0.19,0,3,2,0.2,0.2
435,Georginio Rutter,fr FRA,FWMF,Leeds United,2.7,109,4,13,42,55,15,24,8,13,5,1,3,14,25,52,48.1,0,0.2,0.2,3,1,1,0,5,5,02.27,0,0.0,0,3,0,0.3,0.3
436,José Sá,pt POR,GK,Wolves,35.0,1253,1131,1247,7,0,0,2,2,0,0,0,0,0,821,1177,69.8,0,0.0,0.0,0,10,0,0,0,1,00.03,0,0.0,0,0,0,0.0,0.0
437,Marcel Sabitzer,at AUT,MF,Manchester Utd,7.0,377,18,69,200,110,20,3,1,1,8,6,0,26,237,307,77.2,1,0.9,1.3,10,30,7,1,38,20,03.27,3,0.43,0,11,3,0.7,0.7
438,Allan Saint-Maximin,fr FRA,FW,Newcastle Utd,11.2,534,5,58,175,316,68,83,45,29,76,45,35,101,279,401,69.6,5,3.8,2.5,25,20,32,4,59,54,05.21,9,1.2,1,26,10,1.5,1.5
439,Bukayo Saka,eng ENG,FW,Arsenal,32.7,1747,18,152,452,1165,220,149,54,66,164,84,77,484,976,1321,73.9,11,8.1,5.6,71,47,62,12,100,150,04.59,26,1.2,13,80,26,10.8,8.6
440,Mohamed Salah,eg EGY,FW,Liverpool,33.6,1474,4,80,496,912,256,118,44,62,100,58,69,376,822,1073,76.6,7,6.2,6.0,58,49,70,6,136,128,04.21,19,0.57,19,106,42,19.4,16.2
441,William Saliba,fr FRA,DF,Arsenal,26.8,2056,174,905,1094,64,15,11,8,1,13,14,1,2,1698,1865,91.0,1,1.2,0.3,6,111,3,0,99,14,00.52,2,0.07,2,6,3,0.9,0.9
442,Mohammed Salisu,gh GHA,DF,Southampton,21.9,1504,220,755,635,124,25,10,7,3,5,11,0,4,879,1196,73.5,1,0.6,0.5,7,80,7,4,82,25,01.14,3,0.14,0,19,4,1.5,1.5
443,Albert Sambi Lokonga,be BEL,MF,Arsenal,2.2,154,6,32,95,29,0,2,1,0,0,6,0,2,132,140,94.3,0,0.0,0.1,1,17,1,0,12,4,02.22,0,0.0,0,0,0,0.0,0.0
444,Albert Sambi Lokonga,be BEL,MF,Crystal Palace,6.0,325,22,109,170,47,2,5,1,2,2,2,0,2,228,264,86.4,0,0.0,0.1,1,23,0,0,20,6,01.01,0,0.0,0,2,1,0.2,0.2
445,Davinson Sánchez,co COL,DF,Tottenham,7.5,564,73,289,238,38,8,6,2,3,5,2,0,4,404,463,87.3,0,0.1,0.2,1,33,1,1,30,4,00.53,0,0.0,0,4,2,0.3,0.3
446,Robert Sánchez,es ESP,GK,Brighton,23.0,826,692,822,4,0,0,0,0,0,0,0,0,0,604,781,77.3,0,0.0,0.0,0,11,0,0,0,2,00.09,0,0.0,0,0,0,0.0,0.0
447,Jadon Sancho,eng ENG,FWMF,Manchester Utd,15.1,777,12,90,279,419,81,61,25,33,66,29,36,141,519,622,83.4,2,2.5,2.4,31,19,31,1,62,69,04.58,8,0.53,5,17,7,3.3,3.3
448,Morgan Sanson,fr FRA,MF,Aston Villa,0.1,9,1,1,4,4,0,0,0,0,0,0,0,0,5,7,71.4,0,0.0,0.0,0,0,0,0,1,0,00.00,0,0.0,0,0,0,0.0,0.0
449,Pablo Sarabia,es ESP,FWMF,Wolves,7.7,414,6,60,173,187,20,11,2,8,14,13,2,46,234,338,69.2,0,0.8,0.8,11,24,13,4,36,29,04.15,0,0.0,1,18,5,2.9,2.9
450,Jeremy Sarmiento,ec ECU,MF,Brighton,2.0,100,0,13,39,48,10,11,6,4,5,3,1,20,53,67,79.1,1,0.2,0.3,2,4,5,1,11,10,05.11,2,1.02,0,5,2,0.3,0.3
451,Gianluca Scamacca,it ITA,FW,West Ham,10.3,273,5,13,135,128,38,14,6,6,13,7,3,48,118,177,66.7,0,0.7,0.5,13,14,5,1,17,24,02.33,1,0.1,3,30,10,2.5,2.5
452,Gustavo Scarpa,br BRA,MFFW,Nott'ham Forest,2.0,108,3,24,58,27,1,4,1,2,9,5,0,4,51,78,65.4,0,0.0,0.0,1,10,0,0,12,10,05.37,0,0.0,0,7,1,0.3,0.3
453,Kevin Schade,de GER,FW,Brentford,6.1,221,5,31,70,126,38,32,10,17,18,10,10,42,72,125,57.6,1,0.7,0.3,6,5,3,0,12,20,03.28,3,0.49,0,10,3,2.0,2.0
454,Fabian Schär,ch SUI,DF,Newcastle Utd,31.6,1962,219,983,821,173,62,12,3,7,25,23,2,23,1240,1619,76.6,3,3.2,1.9,17,120,18,2,125,50,01.58,8,0.25,1,46,11,4.2,4.2
455,Jeffrey Schlupp,gh GHA,MFFW,Crystal Palace,28.1,1193,63,281,640,293,48,56,30,19,32,25,11,67,665,900,73.9,1,1.4,1.0,18,59,11,0,98,44,01.56,5,0.18,3,28,9,3.2,3.2
456,Nélson Semedo,pt POR,DF,Wolves,26.2,1679,125,529,761,408,25,62,28,29,42,40,5,137,1087,1352,80.4,1,0.7,0.9,11,92,15,5,98,33,01.26,3,0.11,0,6,0,0.3,0.3
457,Antoine Semenyo,gh GHA,FWMF,Bournemouth,2.9,102,8,24,43,39,5,6,3,2,5,9,4,11,38,57,66.7,0,0.1,0.0,2,5,0,0,5,7,02.44,0,0.0,1,3,1,0.3,0.3
458,Marcos Senesi,ar ARG,DF,Bournemouth,25.7,1467,312,930,499,52,15,12,8,4,8,11,1,3,926,1165,79.5,0,0.5,0.4,5,73,4,1,55,15,00.58,3,0.12,2,6,2,1.5,1.5
459,Ryan Sessegnon,eng ENG,DF,Tottenham,9.0,493,29,157,170,168,27,11,5,4,24,11,5,64,280,390,71.8,0,1.1,1.1,6,16,11,3,22,23,02.55,2,0.22,2,18,6,1.6,1.6
460,Luke Shaw,eng ENG,DF,Manchester Utd,25.9,2191,166,752,1031,427,20,36,12,16,52,42,3,68,1599,1922,83.2,2,3.2,2.6,31,156,28,14,122,63,02.44,6,0.23,1,12,4,1.0,1.0
461,Jonjo Shelvey,eng ENG,MF,Newcastle Utd,0.4,28,0,8,18,2,0,0,0,0,0,0,0,0,19,26,73.1,0,0.0,0.0,0,4,0,0,3,0,00.00,0,0.0,0,0,0,0.0,0.0
462,Jonjo Shelvey,eng ENG,MF,Nott'ham Forest,6.0,345,23,102,209,35,1,4,4,0,1,3,0,0,221,302,73.2,0,0.3,0.8,6,37,8,2,34,16,03.07,0,0.0,0,6,0,0.2,0.2
463,Bernardo Silva,pt POR,MFFW,Manchester City,23.4,1677,26,254,752,684,90,64,28,29,89,70,29,181,1233,1454,84.8,5,3.1,3.9,29,70,33,9,125,71,03.03,12,0.51,4,25,9,2.2,2.2
464,Thiago Silva,br BRA,DF,Chelsea,23.1,2062,307,1055,961,50,22,3,2,0,4,10,0,2,1655,1827,90.6,2,0.4,0.9,4,103,12,0,93,15,01.05,2,0.09,0,14,2,1.3,1.3
465,Ellis Simms,eng ENG,FW,Everton,2.5,83,1,2,36,46,11,2,2,0,2,2,2,19,37,61,60.7,0,0.1,0.4,2,3,1,0,4,6,02.41,2,1.2,1,8,1,0.9,0.9
466,Luis Sinisterra,co COL,FW,Leeds United,9.6,469,7,50,212,215,32,42,19,17,30,17,8,84,273,339,80.5,0,0.4,0.9,9,18,17,2,39,33,03.43,2,0.21,5,28,11,3.7,3.7
467,Oliver Skipp,eng ENG,MF,Tottenham,13.9,769,37,200,463,114,7,11,8,3,13,12,2,23,556,651,85.4,0,0.6,0.4,9,41,7,1,51,23,02.05,0,0.0,1,7,3,0.3,0.3
468,Adam Smith,eng ENG,DF,Bournemouth,30.7,1433,108,567,613,272,15,28,6,15,23,18,1,39,891,1185,75.2,1,0.9,1.4,12,66,24,15,80,24,01.18,2,0.07,0,5,1,0.5,0.5
469,Emile Smith Rowe,eng ENG,MFFW,Arsenal,1.6,86,1,13,25,48,8,4,2,2,2,1,0,11,63,73,86.3,1,0.6,0.5,5,3,3,0,5,8,05.03,1,1.03,0,4,1,0.3,0.3
470,Cédric Soares,pt POR,DF,Arsenal,0.3,27,2,8,9,10,0,0,0,0,1,2,0,0,19,24,79.2,0,0.0,0.0,0,0,0,0,3,1,03.10,0,0.0,0,0,0,0.0,0.0
471,Cédric Soares,pt POR,DF,Fulham,2.2,213,10,58,89,66,3,2,2,0,4,2,1,12,143,186,76.9,0,0.3,0.2,2,13,4,3,12,4,02.22,0,0.0,0,2,0,0.1,0.1
472,Dominic Solanke,eng ENG,FW,Bournemouth,28.8,907,45,135,376,415,146,104,42,52,62,36,33,149,318,473,67.2,7,3.9,2.3,21,20,13,1,41,58,02.02,13,0.45,6,70,27,8.7,8.7
473,Manor Solomon,il ISR,FW,Fulham,5.8,268,9,60,80,134,10,34,17,14,12,13,2,49,160,189,84.7,0,0.3,0.6,5,5,8,1,24,10,02.12,2,0.34,4,8,5,1.1,1.1
474,Tomáš Sou?ek,cz CZE,MF,West Ham,29.6,1264,117,401,602,266,67,16,2,11,11,15,0,47,646,910,71.0,3,1.9,1.0,15,64,11,6,86,51,02.12,3,0.1,2,32,11,3.7,3.7
475,Boubakary Soumaré,fr FRA,MF,Leicester City,15.1,952,40,290,579,96,2,16,11,3,17,11,0,17,678,790,85.8,0,0.3,0.4,9,64,5,1,67,21,01.39,1,0.07,0,1,0,0.0,0.0
476,Harry Souttar,au AUS,DF,Leicester City,10.0,632,98,351,266,19,15,4,2,0,6,1,1,4,436,535,81.5,1,0.2,0.1,3,36,1,0,28,8,01.20,2,0.2,0,8,1,1.4,1.4
477,Ça?lar Söyüncü,tr TUR,DF,Leicester City,5.9,382,71,226,147,12,7,1,1,0,5,1,0,0,241,309,78.0,0,0.1,0.0,1,9,0,0,12,2,00.34,0,0.0,1,5,2,0.4,0.4
478,Djed Spence,eng ENG,FWDF,Tottenham,0.1,12,0,3,1,8,2,1,0,0,2,1,1,2,5,9,55.6,0,0.0,0.0,0,0,0,0,0,0,00.00,0,0.0,0,1,0,0.1,0.1
479,Jack Stacey,eng ENG,DF,Bournemouth,3.3,174,17,67,62,47,2,8,3,5,9,4,1,15,74,130,56.9,0,0.0,0.0,0,6,1,1,2,1,00.30,0,0.0,0,1,0,0.1,0.1
480,Junior Stanislas,eng ENG,MF,Bournemouth,0.7,34,0,3,15,16,3,0,0,0,0,1,0,5,22,28,78.6,0,0.1,0.2,2,3,0,0,4,4,06.30,0,0.0,0,1,0,0.0,0.0
481,Jay Stansfield,eng ENG,FW,Fulham,1.0,35,2,7,14,15,7,0,0,0,2,2,0,4,9,23,39.1,0,0.1,0.0,1,0,0,0,0,4,04.14,1,1.03,0,2,0,0.3,0.3
482,Jason Steele,eng ENG,GK,Brighton,10.0,358,295,354,4,0,0,0,0,0,0,0,0,0,298,332,89.8,1,0.1,0.2,1,2,0,0,0,3,00.30,1,0.1,0,0,0,0.0,0.0
483,Jack Stephens,eng ENG,DF,Southampton,0.5,33,4,8,17,8,0,0,0,0,3,2,0,0,23,28,82.1,0,0.0,0.0,0,3,0,0,3,0,00.00,0,0.0,0,0,0,0.0,0.0
484,Jack Stephens,eng ENG,DF,Bournemouth,13.0,665,125,364,275,28,7,3,3,0,7,3,0,3,446,543,82.1,0,0.2,0.2,3,37,3,2,34,10,01.17,1,0.08,0,2,1,0.4,0.4
485,Raheem Sterling,eng ENG,FWMF,Chelsea,18.3,789,7,59,237,504,97,78,30,40,68,46,37,157,446,602,74.1,3,4.2,3.0,30,22,29,8,51,57,03.12,3,0.16,4,30,11,4.6,4.6
486,John Stones,eng ENG,DFMF,Manchester City,19.2,1580,84,478,900,208,26,10,6,1,27,32,1,34,1355,1459,92.9,2,1.3,1.0,7,107,3,0,99,15,01.18,5,0.26,2,11,3,1.0,1.0
487,Pascal Struijk,nl NED,DF,Leeds United,22.9,1526,82,505,677,350,27,18,9,7,22,21,1,45,1006,1255,80.2,1,2.3,1.1,13,87,12,3,114,32,01.40,2,0.09,2,14,7,1.3,1.3
488,Kamaldeen Sulemana,gh GHA,FWMF,Southampton,9.2,387,7,42,153,202,40,65,34,30,28,25,18,75,169,235,71.9,1,1.2,1.0,13,10,9,1,33,35,04.18,1,0.11,0,18,4,1.0,1.0
489,Crysencio Summerville,nl NED,FW,Leeds United,15.5,622,10,97,236,302,66,56,23,21,49,26,18,87,305,406,75.1,2,1.6,1.1,16,19,12,2,45,46,03.36,5,0.32,4,26,9,2.6,2.6
490,Sam Surridge,eng ENG,FW,Nott'ham Forest,3.6,132,8,26,54,56,15,5,2,2,2,5,1,17,38,78,48.7,0,0.1,0.0,1,4,0,0,6,4,01.12,1,0.28,1,9,2,1.8,1.8
491,Japhet Tanganga,eng ENG,DF,Tottenham,1.6,109,5,48,59,3,0,2,1,1,1,2,0,2,82,92,89.1,0,0.0,0.0,0,4,1,1,5,0,00.00,0,0.0,0,0,0,0.0,0.0
492,Matt Targett,eng ENG,DF,Newcastle Utd,5.9,418,14,124,171,126,0,2,2,0,3,5,0,13,297,380,78.2,0,0.4,0.7,10,19,5,0,42,17,03.26,0,0.0,0,1,0,0.0,0.0
493,James Tarkowski,eng ENG,DF,Everton,35.0,1975,353,1020,871,94,70,10,9,1,13,3,1,7,1236,1527,80.9,1,2.2,1.8,14,89,2,0,99,21,01.00,2,0.06,1,27,8,2.5,2.5
494,Marcus Tavernier,eng ENG,MFFW,Bournemouth,19.4,1008,37,200,390,450,59,96,45,45,67,43,21,137,510,724,70.4,4,2.9,1.3,19,34,16,5,56,48,02.48,8,0.41,5,37,14,3.1,3.1
495,Tetê,br BRA,FW,Leicester City,7.8,334,5,57,154,130,28,31,20,8,21,11,13,54,175,245,71.4,0,0.4,0.3,6,16,4,1,25,27,03.45,2,0.26,1,15,1,1.8,1.8
496,Kenny Tete,nl NED,DF,Fulham,25.5,1684,100,506,776,423,26,29,17,9,63,46,4,61,979,1357,72.1,5,1.9,1.8,23,65,24,17,89,45,02.16,11,0.43,0,12,4,0.5,0.5
497,Luke Thomas,eng ENG,DF,Leicester City,9.7,671,30,279,308,91,3,11,5,5,8,7,1,12,446,560,79.6,0,0.7,0.5,5,31,6,2,41,16,02.06,2,0.21,0,3,0,0.1,0.1
498,Youri Tielemans,be BEL,MF,Leicester City,23.0,1685,50,393,956,356,12,28,20,4,35,25,1,53,1181,1457,81.1,1,4.2,3.1,27,151,28,7,171,72,03.12,3,0.13,3,28,8,2.5,0.9
499,Kieran Tierney,sct SCO,DF,Arsenal,7.4,512,22,132,225,156,12,8,3,2,24,12,3,26,322,432,74.5,1,0.3,0.4,4,32,7,1,31,12,02.02,4,0.54,0,6,2,0.3,0.3
500,Harry Toffolo,eng ENG,DF,Nott'ham Forest,9.9,479,46,166,172,148,12,8,3,4,8,6,4,42,234,375,62.4,0,0.8,0.9,5,13,7,4,28,19,02.31,0,0.0,0,6,2,0.3,0.3
501,Takehiro Tomiyasu,jp JPN,DF,Arsenal,7.4,557,26,138,293,130,17,4,1,2,14,7,1,28,384,474,81.0,1,0.6,0.2,4,41,6,2,51,10,01.36,2,0.27,0,3,0,0.2,0.2
502,James Tomkins,eng ENG,DF,Crystal Palace,3.8,208,34,142,59,7,3,1,1,0,1,1,0,1,138,171,80.7,0,0.0,0.0,0,2,0,0,2,0,00.00,0,0.0,1,3,2,1.0,1.0
503,Ivan Toney,eng ENG,FW,Brentford,32.8,1219,50,141,529,557,156,54,16,29,14,21,8,165,468,787,59.5,4,5.1,3.5,27,54,26,5,79,66,02.01,8,0.24,20,87,33,18.7,13.2
504,Adama Traoré,es ESP,FWMF,Wolves,14.5,633,11,81,234,334,50,91,42,30,73,36,21,141,290,441,65.8,1,3.5,2.9,21,15,19,13,32,39,03.10,3,0.21,2,17,6,1.2,1.2
505,Bertrand Traoré,bf BFA,FWMF,Aston Villa,2.6,114,0,8,41,66,13,4,1,3,9,3,5,28,59,75,78.7,0,0.1,0.1,1,1,5,3,9,4,01.55,0,0.0,2,9,3,0.7,0.7
506,Boubacar Traoré,ml MLI,MF,Wolves,4.3,157,6,37,96,26,2,7,3,3,4,3,0,2,97,125,77.6,1,0.2,0.1,1,16,1,0,8,6,01.41,2,0.47,0,3,0,0.1,0.1
507,Mark Travers,ie IRL,GK,Bournemouth,10.5,354,328,353,1,0,0,0,0,0,0,0,0,0,244,324,75.3,0,0.0,0.0,0,4,0,0,0,0,00.00,0,0.0,0,0,0,0.0,0.0
508,Kieran Trippier,eng ENG,DF,Newcastle Utd,33.1,2737,109,685,1136,932,20,35,19,12,33,38,1,132,1752,2454,71.4,6,11.2,10.8,101,154,89,26,226,164,05.35,9,0.27,1,12,4,0.7,0.7
509,Leandro Trossard,be BEL,FW,Arsenal,7.9,447,4,42,149,261,34,22,14,4,31,15,6,88,284,369,77.0,8,4.0,3.0,17,19,24,5,48,26,03.29,7,1.28,1,11,3,1.4,1.4
510,Leandro Trossard,be BEL,FWMF,Brighton,14.6,697,3,62,278,368,90,40,14,19,40,27,24,118,379,529,71.6,2,2.1,2.1,23,42,25,7,67,51,03.49,9,1.02,7,38,17,4.4,4.4
511,Kostas Tsimikas,gr GRE,DF,Liverpool,7.7,627,22,156,234,242,22,13,3,8,19,8,5,72,410,540,75.9,4,1.5,1.1,17,18,6,3,23,25,03.22,4,0.52,0,7,2,0.6,0.6
512,Deniz Undav,de GER,FWMF,Brighton,4.6,151,2,12,51,88,35,3,1,2,5,4,2,31,84,109,77.1,0,0.8,0.9,6,4,3,0,6,16,03.48,2,0.43,2,18,6,3.1,3.1
513,Yan Valery,tn TUN,DF,Southampton,0.5,28,3,7,18,3,0,0,0,0,0,1,0,0,15,23,65.2,0,0.0,0.0,0,1,0,0,0,0,00.00,0,0.0,0,0,0,0.0,0.0
514,Virgil van Dijk,nl NED,DF,Liverpool,29.5,2687,342,1250,1319,124,64,1,1,0,10,14,2,7,2186,2420,90.3,1,1.2,1.0,6,148,6,0,120,21,01.11,3,0.1,3,30,9,2.6,2.6
515,Raphaël Varane,fr FRA,DF,Manchester Utd,18.3,1119,136,537,543,42,16,7,4,3,16,15,0,3,817,952,85.8,0,0.2,0.3,4,67,3,0,53,14,01.16,0,0.0,0,6,3,0.7,0.7
516,Jamie Vardy,eng ENG,FW,Leicester City,18.8,399,28,51,160,191,67,26,11,12,15,8,13,97,127,244,52.0,4,1.4,0.6,14,7,5,1,13,32,02.10,7,0.37,3,25,11,6.5,5.7
517,Joël Veltman,nl NED,DF,Brighton,22.8,1658,88,548,844,276,22,20,5,8,43,32,2,48,1202,1439,83.5,1,0.6,1.0,9,153,11,4,145,31,01.36,3,0.13,1,14,4,1.7,1.7
518,Fabio Vieira,pt POR,MF,Arsenal,5.3,331,5,25,148,161,26,18,6,11,7,7,1,39,217,268,81.0,2,2.5,1.4,11,23,7,2,30,21,04.36,3,0.57,1,15,2,0.8,0.8
519,Matías Viña,uy URU,DF,Bournemouth,3.8,212,19,85,72,59,9,19,10,7,9,5,4,14,105,138,76.1,0,0.2,0.1,2,6,4,0,12,7,02.26,2,0.53,2,8,5,0.8,0.8
520,Rúben Vinagre,pt POR,DFMF,Everton,0.3,31,1,7,16,9,0,3,1,0,2,1,0,1,15,24,62.5,0,0.0,0.0,0,2,0,0,0,0,00.00,0,0.0,0,0,0,0.0,0.0
521,Carlos Vinícius,br BRA,FW,Fulham,11.5,307,11,23,129,159,49,14,5,7,6,7,4,41,110,176,62.5,2,0.7,0.8,6,10,5,1,13,14,01.22,5,0.43,4,19,11,2.4,2.4
522,Theo Walcott,eng ENG,FWMF,Southampton,10.0,310,10,57,121,141,36,21,10,9,15,9,8,55,143,206,69.4,1,1.3,1.2,11,6,5,2,10,22,02.19,1,0.1,2,18,7,2.0,2.0
523,Kyle Walker,eng ENG,DF,Manchester City,17.8,1675,45,345,1030,308,12,14,8,4,38,28,2,65,1389,1592,87.2,0,0.2,0.8,5,156,7,2,138,21,01.18,2,0.11,0,3,1,0.4,0.4
524,Kyle Walker-Peters,eng ENG,DF,Southampton,26.4,1541,74,404,673,489,48,89,43,34,90,68,17,110,923,1210,76.3,0,1.2,2.3,14,62,27,8,90,47,02.18,2,0.08,1,12,4,1.0,1.0
525,Aaron Wan-Bissaka,eng ENG,DF,Manchester Utd,12.9,851,62,279,342,236,34,30,14,16,38,23,4,51,585,696,84.1,0,1.0,0.9,13,43,9,2,48,27,02.09,1,0.08,0,8,2,1.0,1.0
526,Danny Ward,wls WAL,GK,Leicester City,26.0,1000,806,996,5,0,0,0,0,0,0,0,0,0,708,945,74.9,0,0.0,0.0,0,7,0,0,0,2,00.08,0,0.0,0,0,0,0.0,0.0
527,Joel Ward,eng ENG,DF,Crystal Palace,22.1,1277,115,503,536,243,15,8,6,1,15,12,1,37,788,1057,74.6,0,0.2,0.5,6,68,8,5,83,15,01.08,0,0.0,0,5,0,0.1,0.1
528,James Ward-Prowse,eng ENG,MF,Southampton,34.5,2326,85,402,1297,635,27,19,6,12,18,25,1,53,1606,2047,78.5,3,6.0,5.0,72,174,29,15,183,120,03.48,8,0.23,8,37,14,5.6,2.3
529,Ollie Watkins,eng ENG,FW,Aston Villa,31.8,866,44,82,347,449,152,59,16,32,48,24,30,181,368,531,69.3,6,3.5,2.4,28,23,15,2,35,68,02.14,13,0.41,14,81,43,14.2,13.4
530,Adam Webster,eng ENG,DF,Brighton,21.3,1839,162,789,950,108,27,8,3,4,19,18,0,9,1470,1669,88.1,0,0.2,0.4,6,118,5,1,117,19,01.29,1,0.05,0,18,2,1.8,1.8
531,Wout Weghorst,nl NED,FWMF,Manchester Utd,8.1,260,15,41,136,85,22,9,3,5,2,5,0,38,132,184,71.7,1,1.0,1.0,12,7,1,0,15,23,03.25,2,0.25,0,11,4,1.4,1.4
532,Danny Welbeck,eng ENG,FW,Brighton,18.5,620,21,40,241,347,107,38,19,16,24,14,8,122,324,389,83.3,3,3.3,1.6,24,27,12,0,45,49,03.04,9,0.49,6,55,21,8.9,8.9
533,Ben White,eng ENG,DF,Arsenal,30.9,2321,92,497,1182,654,48,29,8,15,56,39,3,121,1705,2044,83.4,5,3.1,3.5,25,201,39,12,232,61,02.37,13,0.42,2,10,2,1.3,1.3
534,Harvey White,eng ENG,MF,Tottenham,0.1,8,0,0,4,4,0,0,0,0,0,0,0,1,3,8,37.5,0,0.0,0.0,0,0,1,1,0,0,00.00,0,0.0,0,0,0,0.0,0.0
535,Joseph Whitworth,eng ENG,GK,Crystal Palace,2.0,87,79,87,0,0,0,0,0,0,0,0,0,0,61,83,73.5,0,0.0,0.0,0,0,0,0,0,0,00.00,0,0.0,0,0,0,0.0,0.0
536,Neco Williams,wls WAL,DF,Nott'ham Forest,20.9,1153,82,445,422,309,23,55,19,31,51,33,5,67,533,840,63.5,0,1.4,1.2,15,29,14,9,33,39,02.26,2,0.1,1,25,7,1.3,1.3
537,Willian,br BRA,FW,Fulham,20.8,974,8,107,366,517,65,65,33,21,89,62,26,128,613,782,78.4,3,3.9,2.1,41,39,24,1,99,91,04.38,9,0.43,5,38,15,3.1,3.1
538,Joe Willock,eng ENG,MF,Newcastle Utd,26.8,1265,37,196,559,526,104,84,33,39,90,55,30,142,745,912,81.7,6,5.5,4.2,34,88,31,8,115,78,03.31,8,0.3,3,56,16,6.9,6.9
539,Callum Wilson,eng ENG,FW,Newcastle Utd,18.1,416,7,22,157,239,101,31,10,17,22,11,12,103,144,215,67.0,4,2.4,1.8,19,8,6,0,17,32,02.17,8,0.44,15,59,28,13.5,12.7
540,Harry Wilson,wls WAL,FW,Fulham,9.8,453,17,77,182,198,27,25,9,10,13,14,4,71,252,333,75.7,2,0.7,0.6,10,17,7,0,28,24,02.46,6,1.01,2,16,4,1.8,1.8
541,Yoane Wissa,cd COD,FW,Brentford,15.0,448,13,61,175,223,44,42,19,15,19,10,8,90,202,293,68.9,2,2.3,0.9,10,20,8,0,25,29,02.33,5,0.33,5,25,11,3.9,3.9
542,Maximilian Wöber,at AUT,DF,Leeds United,11.4,719,86,324,334,64,13,0,0,0,13,6,0,13,409,582,70.3,0,0.5,0.3,5,51,2,1,46,10,01.28,1,0.09,0,7,1,0.6,0.6
543,Chris Wood,nz NZL,FW,Newcastle Utd,5.0,149,8,19,70,60,16,2,1,0,1,1,0,23,66,106,62.3,0,0.3,0.3,3,3,1,0,4,5,01.01,0,0.0,2,8,3,1.8,1.0
544,Chris Wood,nz NZL,FW,Nott'ham Forest,4.1,99,4,12,57,31,8,2,0,2,2,2,0,12,43,71,60.6,0,0.2,0.1,3,5,2,0,7,6,01.45,0,0.0,1,3,1,1.0,1.0
545,Joe Worrall,eng ENG,DF,Nott'ham Forest,21.7,1279,180,722,489,71,26,3,3,0,5,5,1,1,820,1059,77.4,0,0.8,0.6,5,69,6,0,62,14,01.04,0,0.0,1,5,1,0.5,0.5
546,Granit Xhaka,ch SUI,MF,Arsenal,31.1,1801,80,317,862,630,100,27,15,10,42,35,9,170,1321,1561,84.6,7,5.0,4.0,45,142,40,4,192,107,03.44,17,0.55,5,36,12,3.6,3.6
547,Ryan Yates,eng ENG,MF,Nott'ham Forest,17.5,700,54,198,373,135,33,8,4,3,10,4,3,26,411,528,77.8,2,1.2,0.4,7,26,3,0,41,22,01.26,3,0.17,0,26,5,2.3,2.3
548,Ashley Young,eng ENG,DF,Aston Villa,21.2,1333,77,478,632,241,8,20,8,9,27,18,4,33,854,1130,75.6,0,1.0,0.8,14,78,18,5,102,40,02.29,2,0.09,1,14,3,0.4,0.4
549,Illia Zabarnyi,ua UKR,DF,Bournemouth,0.3,8,2,6,2,0,0,0,0,0,0,0,0,0,4,5,80.0,0,0.0,0.0,0,2,0,0,1,0,00.00,0,0.0,0,0,0,0.0,0.0
550,Wilfried Zaha,ci CIV,FWMF,Crystal Palace,24.9,995,12,99,376,535,135,133,54,63,84,41,55,229,472,613,77.0,2,2.6,2.8,25,16,40,3,70,86,03.46,6,0.24,7,62,21,6.3,4.6
551,Denis Zakaria,ch SUI,MF,Chelsea,4.6,218,12,66,112,44,2,8,5,3,9,3,2,3,158,179,88.3,0,0.0,0.1,1,8,0,0,6,2,00.44,0,0.0,0,2,0,0.2,0.2
552,Jordan Zemura,zw ZIM,DF,Bournemouth,16.2,808,46,302,297,222,31,40,18,18,39,29,10,48,423,594,71.2,1,1.9,2.1,18,32,12,5,45,35,02.17,2,0.12,0,4,0,0.4,0.4
553,Oleksandr Zinchenko,ua UKR,DF,Arsenal,23.5,2112,77,463,1058,610,33,25,15,9,67,66,8,68,1652,1911,86.4,2,1.4,2.4,19,201,41,4,227,56,02.38,4,0.17,1,28,7,1.4,1.4
554,Hakim Ziyech,ma MAR,FWMF,Chelsea,7.0,463,11,71,177,218,16,31,13,15,18,16,6,64,234,364,64.3,2,1.8,1.5,12,19,17,7,39,28,04.37,2,0.28,0,14,2,0.6,0.6
555,Kurt Zouma,fr FRA,DF,West Ham,21.6,1031,227,645,356,33,27,4,2,2,3,1,0,1,689,817,84.3,0,0.1,0.1,1,19,2,0,30,9,00.42,2,0.09,2,19,5,2.2,2.2
556,Martin Ødegaard,no NOR,MF,Arsenal,32.1,1931,26,185,811,956,114,78,44,29,75,54,24,176,1325,1649,80.4,7,7.5,7.3,70,128,86,4,247,152,05.14,16,0.5,15,89,31,9.8,9.8
